{
    "scene": "chair",
    "checkpoint": "/tmp/pycharm_project_86/nerf-synthetic-checkpoints/results/chair/nerf_50000.pt",
    "num_downscales": 1,
    "use_fp16": true,
    "render_time": 43.742687944322824,
    "psnr_avg": 33.905234375,
    "power_draw_avg": 269.685,
    "energy": 11796.746798264701,
    "lpips_avg": 0.03176288615912199,
    "psnrs": [
        37.90625,
        37.5,
        37.75,
        36.9375,
        37.15625,
        36.8125,
        36.8125,
        35.71875,
        36.375,
        35.6875,
        35.8125,
        35.5,
        35.15625,
        35.15625,
        34.84375,
        34.46875,
        33.96875,
        33.96875,
        33.84375,
        33.75,
        33.71875,
        33.78125,
        33.6875,
        33.5,
        33.34375,
        33.4375,
        33.21875,
        33.21875,
        33.0,
        32.3125,
        32.625,
        32.40625,
        31.515625,
        32.15625,
        31.703125,
        31.65625,
        31.375,
        31.625,
        31.734375,
        31.0,
        31.4375,
        31.625,
        31.453125,
        31.78125,
        31.703125,
        31.703125,
        31.75,
        31.78125,
        31.75,
        31.65625,
        31.859375,
        32.0625,
        31.96875,
        31.96875,
        31.75,
        31.96875,
        32.125,
        32.28125,
        32.34375,
        32.25,
        32.3125,
        32.46875,
        33.03125,
        32.8125,
        33.0625,
        33.21875,
        33.5,
        33.875,
        34.40625,
        34.09375,
        34.25,
        33.96875,
        33.90625,
        33.875,
        33.71875,
        33.8125,
        33.78125,
        33.5,
        33.34375,
        33.53125,
        33.59375,
        33.875,
        33.90625,
        33.96875,
        33.5625,
        34.1875,
        34.3125,
        34.21875,
        34.1875,
        34.65625,
        34.875,
        35.0625,
        35.28125,
        35.625,
        35.71875,
        35.84375,
        35.84375,
        35.96875,
        35.84375,
        36.0625,
        35.875,
        35.96875,
        36.21875,
        36.0,
        35.71875,
        35.65625,
        35.8125,
        35.84375,
        35.875,
        36.03125,
        35.84375,
        35.96875,
        35.84375,
        35.65625,
        35.34375,
        35.4375,
        35.03125,
        35.0625,
        35.0625,
        35.21875,
        34.96875,
        35.0,
        35.0,
        35.28125,
        35.15625,
        35.0,
        35.03125,
        35.0,
        34.75,
        34.15625,
        33.71875,
        33.34375,
        33.0,
        32.59375,
        32.53125,
        32.125,
        32.3125,
        32.09375,
        31.921875,
        32.0,
        32.0625,
        31.8125,
        31.703125,
        31.921875,
        31.921875,
        31.703125,
        31.859375,
        31.78125,
        31.78125,
        31.921875,
        32.09375,
        32.0625,
        31.8125,
        31.921875,
        32.125,
        32.1875,
        32.21875,
        32.1875,
        32.40625,
        32.40625,
        32.71875,
        32.34375,
        32.78125,
        33.15625,
        33.09375,
        33.53125,
        33.28125,
        33.28125,
        33.59375,
        33.9375,
        33.96875,
        33.6875,
        33.875,
        33.0625,
        33.90625,
        33.6875,
        33.875,
        33.9375,
        33.625,
        33.8125,
        33.75,
        33.8125,
        33.96875,
        34.40625,
        34.8125,
        35.0625,
        35.15625,
        35.6875,
        35.78125,
        35.625,
        36.0625,
        36.125,
        35.125,
        36.3125,
        36.46875,
        36.25,
        37.0625,
        36.875,
        37.5,
        37.28125
    ],
    "lpips": [
        0.016207624226808548,
        0.01710035279393196,
        0.01861407235264778,
        0.0198763906955719,
        0.019547345116734505,
        0.018487345427274704,
        0.01939484477043152,
        0.01995103806257248,
        0.018322372809052467,
        0.0215356033295393,
        0.01983092725276947,
        0.019590221345424652,
        0.020702607929706573,
        0.022083062678575516,
        0.02289370819926262,
        0.022892918437719345,
        0.024184808135032654,
        0.022689929232001305,
        0.024011682718992233,
        0.027046065777540207,
        0.024524971842765808,
        0.023980453610420227,
        0.023768849670886993,
        0.024134349077939987,
        0.024016838520765305,
        0.02292371541261673,
        0.025579994544386864,
        0.025205295532941818,
        0.026598814874887466,
        0.02663968876004219,
        0.02619878575205803,
        0.027777083218097687,
        0.02949783205986023,
        0.027928849682211876,
        0.029251903295516968,
        0.03001125156879425,
        0.031110433861613274,
        0.031244557350873947,
        0.031831175088882446,
        0.03527339920401573,
        0.03357010334730148,
        0.03652616962790489,
        0.036595601588487625,
        0.03474992513656616,
        0.03477386385202408,
        0.036724451929330826,
        0.03643195331096649,
        0.03761778771877289,
        0.040452342480421066,
        0.03705032542347908,
        0.037781890481710434,
        0.035668421536684036,
        0.038738906383514404,
        0.037610217928886414,
        0.040069349110126495,
        0.038841038942337036,
        0.037783730775117874,
        0.03860880434513092,
        0.04084472358226776,
        0.03966955095529556,
        0.03752661496400833,
        0.03766506165266037,
        0.03607717156410217,
        0.03650036081671715,
        0.03377885743975639,
        0.03343375772237778,
        0.03244790807366371,
        0.032063767313957214,
        0.03091186285018921,
        0.030323348939418793,
        0.028639132156968117,
        0.030871912837028503,
        0.033798832446336746,
        0.03388209640979767,
        0.03844616562128067,
        0.03408791497349739,
        0.03506363183259964,
        0.03377232700586319,
        0.033267710357904434,
        0.0355013869702816,
        0.03495312109589577,
        0.03588918223977089,
        0.037839360535144806,
        0.038859739899635315,
        0.038584932684898376,
        0.036531221121549606,
        0.036880604922771454,
        0.03694571182131767,
        0.03833415359258652,
        0.036928750574588776,
        0.037329625338315964,
        0.035696618258953094,
        0.03787744417786598,
        0.0387682169675827,
        0.03816031292080879,
        0.03708759695291519,
        0.03747446835041046,
        0.04004555568099022,
        0.039124228060245514,
        0.03891803324222565,
        0.04212528467178345,
        0.04010709747672081,
        0.04173707962036133,
        0.043086498975753784,
        0.0447070337831974,
        0.04370968043804169,
        0.040495969355106354,
        0.04140825942158699,
        0.04104591906070709,
        0.04096180200576782,
        0.04172007739543915,
        0.04049505293369293,
        0.040439628064632416,
        0.04048291593790054,
        0.036848075687885284,
        0.03805331885814667,
        0.03704164922237396,
        0.035486653447151184,
        0.033745236694812775,
        0.030749250203371048,
        0.029552271589636803,
        0.026419341564178467,
        0.027456853538751602,
        0.0246176365762949,
        0.02694951742887497,
        0.026427723467350006,
        0.025527123361825943,
        0.025038182735443115,
        0.026033949106931686,
        0.02578861080110073,
        0.028848472982645035,
        0.02870456874370575,
        0.02970120683312416,
        0.030769793316721916,
        0.031358879059553146,
        0.031878761947155,
        0.03292293846607208,
        0.03297969698905945,
        0.034951843321323395,
        0.034616563469171524,
        0.03622381016612053,
        0.035462554544210434,
