{
    "scene": "hotdog",
    "checkpoint": "/tmp/pycharm_project_86/nerf-synthetic-checkpoints/results/hotdog/nerf_50000.pt",
    "num_downscales": 1,
    "use_fp16": true,
    "render_time": 81.12294350878801,
    "psnr_avg": 36.24109375,
    "power_draw_avg": 292.39,
    "energy": 23719.537452534525,
    "lpips_avg": 0.036597859654575585,
    "psnrs": [
        36.6875,
        36.21875,
        36.25,
        36.15625,
        36.40625,
        36.25,
        36.40625,
        35.6875,
        36.5,
        36.53125,
        36.40625,
        36.25,
        36.15625,
        36.09375,
        35.5625,
        35.84375,
        35.4375,
        35.65625,
        35.53125,
        35.71875,
        35.71875,
        36.0625,
        36.34375,
        36.0625,
        36.625,
        37.21875,
        37.34375,
        37.4375,
        37.5625,
        36.90625,
        37.46875,
        37.46875,
        35.875,
        37.5,
        36.65625,
        37.28125,
        36.125,
        36.6875,
        37.25,
        36.75,
        36.875,
        36.875,
        36.875,
        37.21875,
        37.15625,
        37.15625,
        37.1875,
        36.9375,
        36.78125,
        36.9375,
        36.90625,
        37.1875,
        37.28125,
        37.6875,
        37.4375,
        37.625,
        37.6875,
        38.03125,
        38.28125,
        38.21875,
        37.9375,
        37.9375,
        37.84375,
        37.46875,
        37.1875,
        37.1875,
        37.21875,
        37.0625,
        37.3125,
        37.0625,
        36.875,
        37.03125,
        37.0625,
        37.34375,
        37.4375,
        37.84375,
        37.71875,
        37.59375,
        37.78125,
        38.0,
        37.9375,
        37.78125,
        37.15625,
        36.625,
        36.09375,
        36.0625,
        36.3125,
        36.4375,
        36.21875,
        35.71875,
        35.3125,
        35.0,
        34.96875,
        35.4375,
        35.9375,
        36.125,
        36.25,
        36.5,
        36.6875,
        32.8125,
        32.125,
        33.46875,
        34.1875,
        35.59375,
        38.09375,
        37.875,
        35.71875,
        34.4375,
        33.34375,
        32.90625,
        32.90625,
        33.5,
        35.0,
        36.4375,
        34.96875,
        32.53125,
        30.375,
        28.828125,
        28.71875,
        28.5625,
        28.75,
        29.3125,
        29.859375,
        30.5625,
        30.71875,
        31.1875,
        31.546875,
        31.265625,
        32.125,
        33.375,
        35.0,
        36.125,
        37.15625,
        36.4375,
        36.34375,
        36.46875,
        37.34375,
        37.46875,
        38.03125,
        38.03125,
        37.4375,
        36.9375,
        36.65625,
        36.625,
        36.625,
        36.59375,
        36.75,
        36.625,
        36.75,
        36.65625,
        36.96875,
        37.1875,
        37.3125,
        37.5,
        37.71875,
        37.59375,
        37.6875,
        37.78125,
        38.09375,
        37.78125,
        37.96875,
        36.90625,
        37.21875,
        37.625,
        37.4375,
        37.6875,
        37.03125,
        37.40625,
        37.34375,
        37.40625,
        37.59375,
        37.34375,
        37.71875,
        36.3125,
        37.5,
        37.15625,
        37.4375,
        37.34375,
        37.0625,
        37.34375,
        37.28125,
        37.34375,
        37.1875,
        37.125,
        37.34375,
        37.0625,
        36.90625,
        37.125,
        36.6875,
        36.5,
        37.03125,
        36.9375,
        35.875,
        36.625,
        36.65625,
        36.46875,
        36.59375,
        36.5,
        36.8125,
        36.625
    ],
    "lpips": [
        0.033898718655109406,
        0.03511355444788933,
        0.036611251533031464,
        0.03748495876789093,
        0.03785228729248047,
        0.038548823446035385,
        0.03705122321844101,
        0.03879104554653168,
        0.0379100926220417,
        0.03985978662967682,
        0.04095073416829109,
        0.04243115335702896,
        0.04370696842670441,
        0.04608580097556114,
        0.04698890075087547,
        0.04915294796228409,
        0.05199810862541199,
        0.05411383509635925,
        0.05370742082595825,
        0.05404045060276985,
        0.056467458605766296,
        0.05557424575090408,
        0.05663777515292168,
        0.05501881241798401,
        0.054373301565647125,
        0.04976360499858856,
        0.049720779061317444,
        0.04935659468173981,
        0.04743267595767975,
        0.04578573256731033,
        0.044740378856658936,
        0.0453527569770813,
        0.04488200694322586,
        0.044816505163908005,
        0.042277563363313675,
        0.042349256575107574,
        0.04307866841554642,
        0.042098268866539,
        0.04148363694548607,
        0.0410456545650959,
        0.03908401355147362,
        0.0378139354288578,
        0.03709779679775238,
        0.03656461089849472,
        0.03566855192184448,
        0.035825733095407486,
        0.035920582711696625,
        0.03599010780453682,
        0.035592418164014816,
        0.03420194238424301,
        0.03320392593741417,
        0.03339032083749771,
        0.03163744509220123,
        0.02949066087603569,
        0.028891082853078842,
        0.030239708721637726,
        0.030506040900945663,
        0.02875153347849846,
        0.0279826819896698,
        0.027529116719961166,
        0.02899070270359516,
        0.0291050486266613,
        0.029314972460269928,
        0.029892809689044952,
        0.031254760921001434,
        0.03044719249010086,
        0.029426176100969315,
        0.03263850510120392,
        0.03349350392818451,
        0.03359859436750412,
        0.03370293974876404,
        0.03475354611873627,
        0.033709168434143066,
        0.03319620341062546,
        0.03169327974319458,
        0.031051792204380035,
        0.031184475868940353,
        0.030195126309990883,
        0.030261792242527008,
        0.02955099381506443,
        0.02767218090593815,
        0.028301645070314407,
        0.02969268709421158,
        0.030137455090880394,
        0.030525745823979378,
        0.030639642849564552,
        0.032016292214393616,
        0.03127167001366615,
        0.03155319765210152,
        0.031161203980445862,
        0.03194620460271835,
        0.033523816615343094,
        0.032036758959293365,
        0.031247545033693314,
        0.03042127937078476,
        0.028587907552719116,
        0.026930103078484535,
        0.025949938222765923,
        0.02405415289103985,
        0.026917681097984314,
        0.026056397706270218,
        0.02764781564474106,
        0.025745509192347527,
        0.023175660520792007,
        0.020899835973978043,
        0.021912548691034317,
        0.024066608399152756,
        0.02706640586256981,
        0.03162465617060661,
        0.03316390886902809,
        0.03418341279029846,
        0.03419291973114014,
        0.03353695943951607,
        0.0329526923596859,
        0.03543579578399658,
        0.04017531871795654,
        0.04092118516564369,
        0.042685627937316895,
        0.04547671973705292,
        0.047878067940473557,
        0.049147892743349075,
        0.05082354322075844,
        0.04981696605682373,
        0.05065562576055527,
        0.050253402441740036,
        0.052439071238040924,
        0.0522773340344429,
        0.051846470683813095,
        0.04905897378921509,
        0.04491277039051056,
        0.044154755771160126,
        0.04253564774990082,
        0.04148073494434357,
        0.0407857820391655,
        0.03891247510910034,
        0.03786611929535866,
        0.03647538274526596,
        0.03418916463851929,
        0.03312009945511818,
        0.03245021775364876,
        0.03360547870397568,
        0.03485167771577835,
        0.03447803482413292,
