{
    "scene": "drums",
    "checkpoint": "/tmp/pycharm_project_86/nerf-synthetic-checkpoints/results/drums/nerf_50000.pt",
    "num_downscales": 1,
    "use_fp16": true,
    "render_time": 44.754622881126124,
    "psnr_avg": 25.93453125,
    "power_draw_avg": 271.53,
    "energy": 12152.222750912175,
    "lpips_avg": 0.07067551607266069,
    "psnrs": [
        27.421875,
        27.3125,
        27.296875,
        27.03125,
        26.625,
        26.125,
        26.28125,
        25.84375,
        26.078125,
        25.484375,
        25.375,
        25.84375,
        26.890625,
        27.9375,
        28.71875,
        28.984375,
        28.828125,
        27.9375,
        27.0,
        26.390625,
        25.78125,
        25.359375,
        25.265625,
        25.328125,
        26.125,
        27.015625,
        27.171875,
        26.515625,
        26.359375,
        26.6875,
        27.546875,
        27.390625,
        26.65625,
        27.09375,
        27.0,
        27.125,
        26.875,
        27.28125,
        28.28125,
        27.65625,
        27.5,
        27.421875,
        27.625,
        28.203125,
        27.796875,
        26.84375,
        25.875,
        24.59375,
        23.609375,
        23.1875,
        23.234375,
        23.390625,
        23.546875,
        23.59375,
        23.859375,
        24.421875,
        25.1875,
        26.046875,
        26.859375,
        27.46875,
        27.21875,
        26.765625,
        25.875,
        25.1875,
        26.1875,
        27.40625,
        27.328125,
        26.625,
        26.359375,
        25.890625,
        25.390625,
        24.8125,
        24.6875,
        24.8125,
        24.765625,
        24.84375,
        25.640625,
        26.40625,
        27.203125,
        26.34375,
        25.1875,
        24.5625,
        24.140625,
        24.140625,
        24.296875,
        25.1875,
        25.890625,
        25.25,
        24.34375,
        24.234375,
        24.03125,
        24.125,
        24.171875,
        24.5,
        24.703125,
        24.6875,
        24.734375,
        24.8125,
        24.6875,
        24.296875,
        24.078125,
        23.9375,
        24.015625,
        24.453125,
        26.078125,
        28.421875,
        27.34375,
        26.21875,
        26.109375,
        26.390625,
        26.359375,
        26.765625,
        26.28125,
        26.25,
        26.859375,
        28.015625,
        26.390625,
        25.453125,
        24.59375,
        24.375,
        23.90625,
        24.21875,
        24.515625,
        24.921875,
        26.0625,
        27.625,
        30.40625,
        28.5625,
        27.625,
        27.296875,
        28.0625,
        26.671875,
        27.328125,
        27.984375,
        27.796875,
        26.703125,
        25.90625,
        24.984375,
        24.515625,
        24.125,
        24.109375,
        24.375,
        24.9375,
        25.15625,
        25.875,
        25.84375,
        24.40625,
        23.5625,
        23.28125,
        23.21875,
        23.234375,
        23.390625,
        23.453125,
        23.5,
        23.703125,
        24.09375,
        24.375,
        24.6875,
        25.1875,
        25.625,
        25.765625,
        25.03125,
        24.21875,
        23.90625,
        23.96875,
        23.953125,
        23.734375,
        23.625,
        23.640625,
        23.859375,
        24.40625,
        25.453125,
        26.28125,
        26.21875,
        26.71875,
        26.8125,
        26.578125,
        26.078125,
        25.796875,
        25.8125,
        26.140625,
        26.40625,
        26.484375,
        26.75,
        27.015625,
        27.53125,
        28.0625,
        28.71875,
        28.640625,
        28.46875,
        28.421875,
        28.140625,
        27.578125,
        28.421875,
        28.6875,
        28.25,
        28.25,
        27.953125,
        27.953125,
        27.625
    ],
    "lpips": [
        0.08343060314655304,
        0.08442167937755585,
        0.08556108176708221,
        0.08725418150424957,
        0.08922724425792694,
        0.08838170766830444,
        0.08964607119560242,
        0.09015657007694244,
        0.08666903525590897,
        0.08541302382946014,
        0.0850813165307045,
        0.0878651961684227,
        0.08159975707530975,
        0.07629884779453278,
        0.07142201066017151,
        0.06941729784011841,
        0.06831778585910797,
        0.07067152857780457,
        0.0694185346364975,
        0.07038059085607529,
        0.06979097425937653,
        0.06999576091766357,
        0.06695263832807541,
        0.06951364129781723,
        0.06533209979534149,
        0.06747378408908844,
        0.06680864095687866,
        0.07143478095531464,
        0.07444193959236145,
        0.07251779735088348,
        0.07089108228683472,
        0.07442768663167953,
        0.07559199631214142,
        0.07484796643257141,
        0.0732216089963913,
        0.0718151405453682,
        0.0726812556385994,
        0.0723407045006752,
        0.07107064872980118,
        0.07074633240699768,
        0.07324408739805222,
        0.07631240785121918,
        0.07739775627851486,
        0.07821560651063919,
        0.07624755799770355,
        0.07740257680416107,
        0.07922402024269104,
        0.08564908802509308,
        0.0904335156083107,
        0.09319909662008286,
        0.09649746119976044,
        0.09014017879962921,
        0.08777740597724915,
        0.0853462666273117,
        0.08300009369850159,
        0.08017044514417648,
        0.07490074634552002,
        0.07097973674535751,
        0.06455467641353607,
        0.06310927122831345,
        0.06556835770606995,
        0.0669444352388382,
        0.06896723806858063,
        0.06808796525001526,
        0.06397730112075806,
        0.06123684346675873,
        0.057572826743125916,
        0.05605817586183548,
        0.05349483713507652,
        0.05147341638803482,
        0.05135269835591316,
        0.05336460471153259,
        0.0544280931353569,
        0.053377486765384674,
        0.053196221590042114,
        0.053349900990724564,
        0.0523902028799057,
        0.05501760542392731,
        0.05183427035808563,
        0.057599443942308426,
        0.05820316821336746,
        0.06302331387996674,
        0.06612372398376465,
        0.06712036579847336,
        0.06773253530263901,
        0.06855538487434387,
        0.06823411583900452,
        0.07106927037239075,
        0.07122673094272614,
        0.07130476832389832,
        0.07087179273366928,
        0.07058414816856384,
        0.0686720535159111,
        0.06879590451717377,
        0.06327558308839798,
        0.06399090588092804,
        0.06476283073425293,
        0.06650754809379578,
        0.06504341959953308,
        0.07075390219688416,
        0.07048050314188004,
        0.07439973950386047,
        0.07015123963356018,
        0.06786619871854782,
        0.06351503729820251,
        0.06037027761340141,
        0.06276194006204605,
        0.05971071496605873,
        0.05925382673740387,
        0.05837232619524002,
        0.0561356358230114,
        0.055760905146598816,
        0.056909434497356415,
        0.05583581328392029,
        0.04957684129476547,
        0.04949111118912697,
        0.05212951451539993,
        0.05492504686117172,
        0.05809478461742401,
        0.05618104338645935,
        0.057266104966402054,
        0.054800279438495636,
        0.05168459564447403,
        0.05237646400928497,
        0.04822353273630142,
        0.04309466853737831,
        0.04118219390511513,
        0.04493109881877899,
        0.04804864525794983,
        0.051202960312366486,
        0.05041104555130005,
        0.05291342735290527,
        0.05749296024441719,
        0.058294713497161865,
        0.060186441987752914,
        0.064363494515419,
        0.06850000470876694,
        0.0727110207080841,
        0.07474168390035629,
