{
    "scene": "ficus",
    "checkpoint": "/tmp/pycharm_project_86/nerf-synthetic-checkpoints/results/ficus/nerf_50000.pt",
    "num_downscales": 1,
    "use_fp16": false,
    "render_time": 60.62956147827208,
    "psnr_avg": 32.92702796936035,
    "power_draw_avg": 303.205,
    "energy": 18383.186188019485,
    "lpips_avg": 0.01833082237280905,
    "psnrs": [
        34.57233428955078,
        34.76441192626953,
        34.91246032714844,
        34.58835983276367,
        34.032432556152344,
        33.8251838684082,
        33.45183181762695,
        33.11430358886719,
        32.843814849853516,
        32.633277893066406,
        32.363460540771484,
        32.44920349121094,
        32.501495361328125,
        32.66334915161133,
        32.869510650634766,
        33.080322265625,
        32.94181442260742,
        32.65263366699219,
        32.275962829589844,
        31.93613052368164,
        31.739164352416992,
        31.69842529296875,
        31.656618118286133,
        31.733572006225586,
        31.993560791015625,
        32.15625762939453,
        32.38356399536133,
        32.278621673583984,
        32.080543518066406,
        31.968669891357422,
        31.83016014099121,
        31.688819885253906,
        31.580276489257812,
        31.564922332763672,
        31.71821403503418,
        31.990840911865234,
        32.41213607788086,
        32.67222595214844,
        33.28852844238281,
        33.51054000854492,
        33.63949966430664,
        33.34243392944336,
        33.09956359863281,
        32.71538543701172,
        32.347408294677734,
        31.76451873779297,
        31.522708892822266,
        31.370176315307617,
        31.39390754699707,
        31.61112403869629,
        31.94246482849121,
        32.3618049621582,
        32.835811614990234,
        33.38639831542969,
        33.82363510131836,
        34.37135696411133,
        34.82722091674805,
        34.732765197753906,
        34.32215881347656,
        33.76007843017578,
        33.20993423461914,
        32.7081413269043,
        32.38227844238281,
        32.275970458984375,
        32.1456413269043,
        32.14488983154297,
        32.06013488769531,
        31.856443405151367,
        31.737253189086914,
        31.607715606689453,
        31.53127098083496,
        31.459012985229492,
        31.442607879638672,
        31.575672149658203,
        31.98674774169922,
        32.386104583740234,
        32.932621002197266,
        33.15052795410156,
        33.510406494140625,
        33.697086334228516,
        34.10426330566406,
        34.60047149658203,
        35.22060775756836,
        35.638187408447266,
        35.638790130615234,
        35.46451950073242,
        35.0908317565918,
        34.87839889526367,
        34.671913146972656,
        34.52657699584961,
        34.60002517700195,
        34.742637634277344,
        34.87158966064453,
        34.728336334228516,
        34.527000427246094,
        34.43976593017578,
        34.57414245605469,
        35.019775390625,
        35.16865921020508,
        34.95012283325195,
        34.68550491333008,
        34.38410568237305,
        34.18522262573242,
        34.24531555175781,
        34.742713928222656,
        33.90011978149414,
        32.28901672363281,
        30.89935302734375,
        30.192520141601562,
        30.142213821411133,
        30.63308334350586,
        31.58646011352539,
        32.62433624267578,
        33.17247009277344,
        33.08750534057617,
        32.53555679321289,
        31.798816680908203,
        31.48931121826172,
        31.530811309814453,
        31.747024536132812,
        32.14167785644531,
        32.54636764526367,
        32.751529693603516,
        32.83124542236328,
        32.844608306884766,
        32.81064987182617,
        33.037872314453125,
        33.185462951660156,
        33.27336502075195,
        33.38112258911133,
        33.5763053894043,
        33.7016487121582,
        33.82500076293945,
        33.905784606933594,
        33.80284881591797,
        33.808631896972656,
        33.734683990478516,
        33.52754592895508,
        33.48844528198242,
        33.191585540771484,
        33.013946533203125,
        32.91524124145508,
        32.9051628112793,
        32.91847610473633,
        32.77473831176758,
        32.44364547729492,
        32.323707580566406,
        32.26628875732422,
        32.19799041748047,
        32.13169479370117,
        32.172481536865234,
        32.363624572753906,
        32.51666259765625,
        32.72492599487305,
        32.94306945800781,
        33.0550651550293,
        33.18191146850586,
        33.08269119262695,
        32.89483642578125,
        32.48566818237305,
        32.15935516357422,
        31.868301391601562,
        31.922786712646484,
        32.00630569458008,
        32.36638641357422,
        33.0305290222168,
        33.455970764160156,
        34.29280471801758,
        35.22932052612305,
        34.64939498901367,
        33.937278747558594,
        33.497161865234375,
        33.26535415649414,
        32.99370193481445,
        32.858951568603516,
        32.95558166503906,
        32.993263244628906,
        33.053375244140625,
        32.871498107910156,
        32.616737365722656,
        32.317527770996094,
        31.978906631469727,
        31.606306076049805,
        31.310632705688477,
        31.164955139160156,
        31.053813934326172,
        31.150558471679688,
        31.3598690032959,
        31.564067840576172,
        31.86935806274414,
        32.15827560424805,
        32.35264205932617,
        32.561622619628906,
        32.68744659423828,
        32.89411544799805,
        33.194400787353516,
        33.4158821105957,
        33.459754943847656,
        33.802677154541016,
        34.083595275878906
    ],