{
    "scene": "materials",
    "checkpoint": "/tmp/pycharm_project_86/nerf-synthetic-checkpoints/results/materials/nerf_50000.pt",
    "num_downscales": 1,
    "use_fp16": false,
    "render_time": 148.08639982907334,
    "psnr_avg": 30.33998170852661,
    "power_draw_avg": 321.12,
    "energy": 47553.50471311203,
    "lpips_avg": 0.043826332222670315,
    "psnrs": [
        28.20829200744629,
        27.961729049682617,
        27.781667709350586,
        27.564159393310547,
        27.419605255126953,
        27.32792091369629,
        27.293859481811523,
        27.321395874023438,
        27.35041618347168,
        27.419275283813477,
        27.51974105834961,
        27.682050704956055,
        27.803314208984375,
        27.937297821044922,
        27.972593307495117,
        28.0782413482666,
        28.207937240600586,
        28.495311737060547,
        28.800830841064453,
        29.273365020751953,
        29.85070037841797,
        30.2625732421875,
        30.392993927001953,
        30.15718650817871,
        29.745624542236328,
        29.38612174987793,
        29.162996292114258,
        29.11386489868164,
        29.17875862121582,
        29.46517562866211,
        29.78809928894043,
        30.028169631958008,
        30.091384887695312,
        29.85669708251953,
        29.634294509887695,
        29.506046295166016,
        29.455575942993164,
        29.48619842529297,
        29.594619750976562,
        29.772136688232422,
        29.98786163330078,
        30.155824661254883,
        30.313674926757812,
        30.506847381591797,
        30.760753631591797,
        31.146379470825195,
        31.466978073120117,
        31.728412628173828,
        31.8847713470459,
        31.925201416015625,
        31.8172550201416,
        31.43018341064453,
        31.015731811523438,
        30.549867630004883,
        30.087236404418945,
        29.714399337768555,
        29.35577964782715,
        29.052288055419922,
        28.90420913696289,
        28.802156448364258,
        28.86759376525879,
        29.039751052856445,
        29.181406021118164,
        29.541114807128906,
        29.950042724609375,
        30.3447322845459,
        30.611629486083984,
        30.65488052368164,
        30.676820755004883,
        30.52347755432129,
        30.48251724243164,
        30.704727172851562,
        31.173873901367188,
        31.732786178588867,
        32.484622955322266,
        33.06482696533203,
        33.36027526855469,
        33.277347564697266,
        32.76163864135742,
        32.534645080566406,
        32.10496520996094,
        32.0086784362793,
        32.07434844970703,
        32.15165710449219,
        32.13313674926758,
        32.06147766113281,
        31.969284057617188,
        31.88629913330078,
        31.83742332458496,
        31.655643463134766,
        31.39569664001465,
        30.945762634277344,
        30.627077102661133,
        30.312788009643555,
        29.92508316040039,
        29.833417892456055,
        29.95056915283203,
        30.504112243652344,
        30.802160263061523,
        30.848346710205078,
        30.538652420043945,
        30.312992095947266,
        30.321945190429688,
        30.697877883911133,
        31.042505264282227,
        31.024795532226562,
        31.009443283081055,
        30.759302139282227,
        30.55287742614746,
        30.593233108520508,
        30.964391708374023,
        31.373010635375977,
        31.163660049438477,
        30.68195915222168,
        30.167434692382812,
        29.95110321044922,
        29.994779586791992,
        30.094688415527344,
        29.914512634277344,
        29.520042419433594,
        29.043766021728516,
        29.100595474243164,
        29.2755126953125,
        29.4908447265625,
        30.11115074157715,
        30.552814483642578,
        30.589677810668945,
        30.76886749267578,
        30.809001922607422,
        31.002090454101562,
        31.3995304107666,
        31.83077049255371,
        31.6747989654541,
        31.097484588623047,
        30.344512939453125,
        29.84541130065918,
        29.366300582885742,
        29.072261810302734,
        29.02153778076172,
        29.118928909301758,
        29.32646942138672,
        29.341278076171875,
        29.551780700683594,
        29.807714462280273,
        30.26622772216797,
        30.782564163208008,
        31.30739402770996,
        31.723031997680664,
        31.94490623474121,
        31.93694496154785,
        31.823122024536133,
        31.429033279418945,
        31.028329849243164,
        30.697078704833984,
        30.34174346923828,
        30.068119049072266,
        29.784107208251953,
        29.577377319335938,
        29.403343200683594,
        29.43305778503418,
        29.524545669555664,
        29.72039794921875,
        29.988948822021484,
        30.239503860473633,
        30.5941219329834,
        30.86958122253418,
        31.114213943481445,
        31.174705505371094,
        31.187002182006836,
        31.392078399658203,
        31.67514991760254,
        31.85038948059082,
        31.928253173828125,
        32.1082649230957,
        32.225101470947266,
        32.34560775756836,
        32.19584274291992,
        31.83489227294922,
        31.54143714904785,
        31.304529190063477,
        31.05032730102539,
        30.98685646057129,
        30.987224578857422,
        31.060762405395508,
        31.168376922607422,
        31.333885192871094,
        31.42440414428711,
        31.388105392456055,
        31.390451431274414,
        31.394271850585938,
        31.385759353637695,
        31.21100425720215,
        30.951568603515625,
        30.545726776123047,
        30.11685562133789,
        29.69144058227539,
        29.34832191467285,
        28.95807647705078,
        28.677234649658203,
        28.39175796508789
    ],