{
    "chair": {
        "num_zero_sigmas": 16335665,
        "num_total_sigmas": 110542746,
        "avg_sigmas_sparsity": 0.3513943743860157,
        "std_sigmas_sparsity": 0.2638960458448045,
        "num_zero_weights": 19913356,
        "num_total_weights": 110542746,
        "avg_weights_sparsity": 0.3729169442482688,
        "std_weights_sparsity": 0.2567069572309149
    },
    "drums": {
        "num_zero_sigmas": 22734006,
        "num_total_sigmas": 115651243,
        "avg_sigmas_sparsity": 0.41979740115654757,
        "std_sigmas_sparsity": 0.27299993433587316,
        "num_zero_weights": 27905948,
        "num_total_weights": 115651243,
        "avg_weights_sparsity": 0.43833128098201785,
        "std_weights_sparsity": 0.25831804635772576
    },
    "ficus": {
        "num_zero_sigmas": 20330803,
        "num_total_sigmas": 52168776,
        "avg_sigmas_sparsity": 0.5245410959862299,
        "std_sigmas_sparsity": 0.25397354718276216,
        "num_zero_weights": 20330880,
        "num_total_weights": 52168776,
        "avg_weights_sparsity": 0.5245421698699201,
        "std_weights_sparsity": 0.25397367703050583
    },
    "hotdog": {
        "num_zero_sigmas": 21954782,
        "num_total_sigmas": 243118112,
        "avg_sigmas_sparsity": 0.28526094697817556,
        "std_sigmas_sparsity": 0.2688575663984675,
        "num_zero_weights": 43068013,
        "num_total_weights": 243118112,
        "avg_weights_sparsity": 0.3179969474067644,
        "std_weights_sparsity": 0.2518906144384663
    },
    "lego": {
        "num_zero_sigmas": 30028262,
        "num_total_sigmas": 150152132,
        "avg_sigmas_sparsity": 0.3576896782184875,
        "std_sigmas_sparsity": 0.2302545321665495,
        "num_zero_weights": 38432586,
        "num_total_weights": 150152132,
        "avg_weights_sparsity": 0.38530617167594156,
        "std_weights_sparsity": 0.2178245770309088
    },
    "materials": {
        "num_zero_sigmas": 19782219,
        "num_total_sigmas": 144999898,
        "avg_sigmas_sparsity": 0.21086757602650566,
        "std_sigmas_sparsity": 0.18781277439678712,
        "num_zero_weights": 20273816,
        "num_total_weights": 144999898,
        "avg_weights_sparsity": 0.21270999927812875,
        "std_weights_sparsity": 0.1871005139793865
    },
    "mic": {
        "num_zero_sigmas": 15843219,
        "num_total_sigmas": 115438337,
        "avg_sigmas_sparsity": 0.21384557976855942,
        "std_sigmas_sparsity": 0.1935699338789459,
        "num_zero_weights": 16232713,
        "num_total_weights": 115438337,
        "avg_weights_sparsity": 0.2157265229429636,
        "std_weights_sparsity": 0.1928503863939768
    },
    "ship": {
        "num_zero_sigmas": 28750911,
        "num_total_sigmas": 358397727,
        "avg_sigmas_sparsity": 0.22278342168580428,
        "std_sigmas_sparsity": 0.22764150184155652,
        "num_zero_weights": 46787094,
        "num_total_weights": 358397727,
        "avg_weights_sparsity": 0.23969561530333627,
        "std_weights_sparsity": 0.21903512751145193
    }
}