{
    "scene": "lego",
    "checkpoint": "/tmp/pycharm_project_86/nerf-synthetic-checkpoints/results/lego/nerf_50000.pt",
    "num_downscales": 1,
    "use_fp16": false,
    "render_time": 154.57153936725808,
    "psnr_avg": 33.719886779785156,
    "power_draw_avg": 323.375,
    "energy": 49984.57154288708,
    "lpips_avg": 0.027928522136062384,
    "psnrs": [
        34.2119255065918,
        32.83998107910156,
        31.381874084472656,
        30.30379867553711,
        29.778457641601562,
        29.24785614013672,
        29.060867309570312,
        29.07682228088379,
        29.661006927490234,
        30.45754051208496,
        31.178524017333984,
        31.545536041259766,
        31.858360290527344,
        32.6589241027832,
        33.547237396240234,
        34.216732025146484,
        34.8703727722168,
        34.85276794433594,
        34.588951110839844,
        34.010746002197266,
        33.37300491333008,
        33.49405288696289,
        33.917625427246094,
        34.20527648925781,
        34.28043746948242,
        34.304222106933594,
        34.30974578857422,
        34.36717987060547,
        34.116485595703125,
        33.6981315612793,
        33.438961029052734,
        33.148502349853516,
        33.002193450927734,
        33.10996627807617,
        33.446598052978516,
        33.873931884765625,
        34.29134750366211,
        34.68425369262695,
        34.87629699707031,
        35.08010482788086,
        35.148109436035156,
        34.9622917175293,
        34.326908111572266,
        33.46147155761719,
        31.030824661254883,
        30.151142120361328,
        30.785484313964844,
        31.961530685424805,
        33.455787658691406,
        35.37283706665039,
        35.15320587158203,
        35.03049850463867,
        35.239036560058594,
        35.609676361083984,
        35.7811164855957,
        35.53181076049805,
        35.48149108886719,
        35.47631072998047,
        35.30452346801758,
        35.2906379699707,
        35.255767822265625,
        35.337677001953125,
        35.10832977294922,
        35.03116226196289,
        35.04603576660156,
        35.04220199584961,
        35.11932373046875,
        35.01948547363281,
        34.93804931640625,
        34.841007232666016,
        34.49189758300781,
        33.76045608520508,
        32.62290954589844,
        31.930248260498047,
        31.730363845825195,
        31.65631675720215,
        31.51464080810547,
        31.559173583984375,
        31.603330612182617,
        31.679996490478516,
        32.004329681396484,
        32.07716369628906,
        32.13532257080078,
        32.234798431396484,
        32.20668029785156,
        32.26089096069336,
        32.429744720458984,
        32.53382110595703,
        32.522666931152344,
        32.50992965698242,
        32.681976318359375,
        32.75498580932617,
        32.902042388916016,
        33.10585021972656,
        33.495914459228516,
        33.72502136230469,
        34.01216125488281,
        34.448394775390625,
        34.37660217285156,
        33.72048568725586,
        33.71147537231445,
        33.70415496826172,
        34.718135833740234,
        34.57326889038086,
        33.758235931396484,
        33.67599868774414,
        33.54317092895508,
        33.842926025390625,
        33.888160705566406,
        34.14295196533203,
        33.955589294433594,
        33.955726623535156,
        34.28767395019531,
        34.469810485839844,
        34.08353805541992,
        33.8416633605957,
        33.67903137207031,
        33.51302719116211,
        33.24482345581055,
        33.258087158203125,
        33.66197204589844,
        33.34724807739258,
        33.35080337524414,
        33.317447662353516,
        33.2290153503418,
        33.58843231201172,
        33.26876449584961,
        33.000423431396484,
        33.28802490234375,
        33.88347625732422,
        34.261878967285156,
        34.45008087158203,
        34.53430938720703,
        34.3152961730957,
        34.11025619506836,
        34.05613708496094,
        33.74180221557617,
        33.8966064453125,
        33.83561325073242,
        33.823829650878906,
        33.92394256591797,
        33.956390380859375,
        33.70122146606445,
        33.83879089355469,
        33.665164947509766,
        33.479244232177734,
        33.3770751953125,
        34.098323822021484,
        35.02481460571289,
        35.853187561035156,
        35.11499786376953,
        35.03112030029297,
        35.14215850830078,
        35.46184158325195,
        35.603843688964844,
        35.29540252685547,
        35.26411819458008,
        35.1956901550293,
        35.110496520996094,
        35.22434997558594,
        35.41608428955078,
        35.50393295288086,
        35.50007247924805,
        35.43604278564453,
        35.44015121459961,
        35.234222412109375,
        35.212554931640625,
        35.1573486328125,
        34.82573699951172,
        34.619117736816406,
        34.4090461730957,
        34.12779235839844,
        34.08979415893555,
        33.969276428222656,
        33.797603607177734,
        33.783531188964844,
        33.58432388305664,
        33.51726150512695,
        33.52585220336914,
        33.444114685058594,
        33.54508590698242,
        33.74506759643555,
        33.96072006225586,
        33.988365173339844,
        33.907711029052734,
        33.099971771240234,
        31.94931983947754,
        31.21316909790039,
        31.246200561523438,
        32.0457763671875,
        33.24251174926758,
        33.963993072509766,
        34.29269027709961,
        34.539588928222656,
        34.836334228515625,
        34.99559020996094,
        34.90080642700195,
        34.77314376831055,
        34.40639114379883,
        34.21156311035156
    ],