{
    "scene": "hotdog",
    "checkpoint": "/tmp/pycharm_project_86/nerf-synthetic-checkpoints/results/hotdog/nerf_50000.pt",
    "num_downscales": 1,
    "use_fp16": false,
    "render_time": 243.5239320868277,
    "psnr_avg": 36.93000205993653,
    "power_draw_avg": 338.745,
    "energy": 82492.51437475246,
    "lpips_avg": 0.032590784430503845,
    "psnrs": [
        37.385162353515625,
        37.29163360595703,
        37.14750289916992,
        37.257442474365234,
        37.1804313659668,
        37.243736267089844,
        37.3409538269043,
        37.564117431640625,
        37.55275344848633,
        37.666748046875,
        37.525230407714844,
        37.37299346923828,
        37.207366943359375,
        36.93152618408203,
        36.765625,
        36.667179107666016,
        36.476348876953125,
        36.45854568481445,
        36.28598403930664,
        36.35261535644531,
        36.46867752075195,
        36.86161422729492,
        37.158329010009766,
        37.4244270324707,
        37.83662414550781,
        38.11405563354492,
        38.29956817626953,
        38.47938537597656,
        38.511077880859375,
        38.6363410949707,
        38.74370193481445,
        38.71807098388672,
        38.807594299316406,
        38.63417053222656,
        38.5438117980957,
        38.45906066894531,
        38.15813446044922,
        38.131690979003906,
        38.11686325073242,
        38.04607391357422,
        37.98933792114258,
        37.91217041015625,
        37.97651672363281,
        37.85289001464844,
        37.87063217163086,
        37.889892578125,
        37.612884521484375,
        37.53004837036133,
        37.46739196777344,
        37.33736801147461,
        37.32261657714844,
        37.4235725402832,
        37.6879768371582,
        38.00368118286133,
        38.29191589355469,
        38.184200286865234,
        38.18038558959961,
        38.50139236450195,
        38.697509765625,
        38.81497573852539,
        38.74306869506836,
        38.560691833496094,
        38.40570831298828,
        38.116641998291016,
        37.87989807128906,
        37.74000549316406,
        37.76132583618164,
        37.678035736083984,
        37.602169036865234,
        37.53261947631836,
        37.37253189086914,
        37.347721099853516,
        37.39434814453125,
        37.5611572265625,
        37.76642608642578,
        38.083614349365234,
        37.99164962768555,
        37.9539794921875,
        38.16451644897461,
        38.34128952026367,
        38.459617614746094,
        38.043575286865234,
        37.43705368041992,
        36.82881164550781,
        36.443138122558594,
        36.53455352783203,
        36.70000457763672,
        36.753662109375,
        36.301063537597656,
        35.76618576049805,
        35.39744186401367,
        35.208892822265625,
        35.303123474121094,
        35.7074089050293,
        36.029884338378906,
        36.377166748046875,
        36.41058349609375,
        36.52567672729492,
        36.737525939941406,
        32.79598617553711,
        32.21238327026367,
        33.54020690917969,
        34.42610168457031,
        35.58748245239258,
        38.192928314208984,
        38.019779205322266,
        35.84156036376953,
        34.49453353881836,
        33.40578842163086,
        32.953086853027344,
        32.94721984863281,
        33.56928634643555,
        35.17937469482422,
        36.5679817199707,
        35.23200607299805,
        32.657135009765625,
        30.438884735107422,
        28.87458038330078,
        28.75640869140625,
        28.593708038330078,
        28.80278968811035,
        29.345836639404297,
        29.948699951171875,
        30.607017517089844,
        30.768138885498047,
        31.345300674438477,
        31.58660125732422,
        31.274581909179688,
        32.12343215942383,
        33.41677474975586,
        35.16203308105469,
        36.486087799072266,
        37.54365158081055,
        36.73932647705078,
        36.538658142089844,
        36.87565231323242,
        37.70820617675781,
        38.53815460205078,
        38.867591857910156,
        38.68939208984375,
        38.097530364990234,
        37.5421028137207,
        37.296993255615234,
        36.94215774536133,
        36.986961364746094,
        36.898223876953125,
        37.13945388793945,
        37.23963165283203,
        37.418087005615234,
        37.279136657714844,
        37.249691009521484,
        37.425254821777344,
        37.719749450683594,
        38.0638313293457,
        38.14824676513672,
        38.227935791015625,
        38.31963348388672,
        38.42423629760742,
        38.691837310791016,
        38.89304733276367,
        38.91118621826172,
        38.8754768371582,
        38.86009979248047,
        38.88125228881836,
        38.810123443603516,
        38.75603103637695,
        38.73027038574219,
        38.761444091796875,
        38.804412841796875,
        38.731468200683594,
        38.743133544921875,
        38.7510871887207,
        38.740821838378906,
        38.64259338378906,
        38.60646057128906,
        38.60257339477539,
        38.49297332763672,
        38.505027770996094,
        38.46851348876953,
        38.358150482177734,
        38.38187026977539,
        38.33399963378906,
        38.323951721191406,
        38.35136413574219,
        38.2561149597168,
        38.21149444580078,
        38.14253234863281,
        38.07793426513672,
        37.87649154663086,
        37.694923400878906,
        37.682533264160156,
        37.79222106933594,
        37.671077728271484,
        37.64970779418945,
        37.66154098510742,
        37.638397216796875,
        37.59754180908203,
        37.66173553466797,
        37.5149040222168,
        37.45558547973633
    ],