{
    "scene": "chair",
    "checkpoint": "/tmp/pycharm_project_86/nerf-synthetic-checkpoints/results/chair/nerf_50000.pt",
    "num_downscales": 1,
    "use_fp16": false,
    "render_time": 116.75441457418492,
    "psnr_avg": 35.106121139526365,
    "power_draw_avg": 322.745,
    "energy": 37681.903531745316,
    "lpips_avg": 0.025572578981518747,
    "psnrs": [
        39.18391418457031,
        39.163597106933594,
        39.03156661987305,
        38.6150016784668,
        38.423160552978516,
        38.22704315185547,
        38.0793342590332,
        37.924598693847656,
        37.72947692871094,
        37.48115158081055,
        37.2591438293457,
        37.1275520324707,
        36.714298248291016,
        36.47777557373047,
        36.230804443359375,
        35.859066009521484,
        35.5075798034668,
        35.271663665771484,
        35.18663787841797,
        35.040809631347656,
        35.09400177001953,
        35.16446304321289,
        34.906349182128906,
        34.7978515625,
        34.821449279785156,
        34.789329528808594,
        34.628849029541016,
        34.46969985961914,
        34.330078125,
        34.198848724365234,
        34.02935028076172,
        33.91212844848633,
        33.72809982299805,
        33.64057159423828,
        33.5606575012207,
        33.556575775146484,
        33.5853385925293,
        33.494075775146484,
        33.497066497802734,
        33.4681282043457,
        33.47428894042969,
        33.41592788696289,
        33.40386962890625,
        33.45344161987305,
        33.39393615722656,
        33.50092697143555,
        33.50783920288086,
        33.455265045166016,
        33.43581771850586,
        33.45598220825195,
        33.42661666870117,
        33.480865478515625,
        33.37667465209961,
        33.414424896240234,
        33.46990966796875,
        33.38856887817383,
        33.39560317993164,
        33.398475646972656,
        33.53213882446289,
        33.6240119934082,
        33.80843734741211,
        34.08099365234375,
        34.349365234375,
        34.53404235839844,
        34.756465911865234,
        34.9107780456543,
        35.034969329833984,
        35.108455657958984,
        35.22969436645508,
        35.181793212890625,
        35.08928298950195,
        34.831214904785156,
        34.544063568115234,
        34.286434173583984,
        34.1425666809082,
        34.14297103881836,
        34.13154983520508,
        33.85153579711914,
        33.62758255004883,
        33.77919006347656,
        33.98828887939453,
        34.19113540649414,
        34.28182601928711,
        34.37428283691406,
        34.474510192871094,
        34.712432861328125,
        34.82935333251953,
        34.90277862548828,
        34.968345642089844,
        35.24159622192383,
        35.42813491821289,
        35.63682174682617,
        35.959251403808594,
        36.05893325805664,
        36.123451232910156,
        36.28703689575195,
        36.28745651245117,
        36.30351257324219,
        36.32537078857422,
        36.33027267456055,
        36.09419250488281,
        36.19166564941406,
        36.383182525634766,
        36.2558479309082,
        36.08319091796875,
        36.03630065917969,
        36.14173126220703,
        36.319942474365234,
        36.38111877441406,
        36.48845672607422,
        36.53943634033203,
        36.5442008972168,
        36.57733154296875,
        36.26445388793945,
        36.127586364746094,
        35.946205139160156,
        35.9526481628418,
        35.718997955322266,
        35.663543701171875,
        35.58769989013672,
        35.42616271972656,
        35.28535079956055,
        35.3351936340332,
        35.60480880737305,
        35.54638671875,
        35.56051254272461,
        35.50421142578125,
        35.581459045410156,
        35.30461883544922,
        34.94916534423828,
        34.5891227722168,
        34.27388381958008,
        33.955718994140625,
        33.68434524536133,
        33.584625244140625,
        33.560340881347656,
        33.66766357421875,
        33.77497100830078,
        33.75652313232422,
        33.789459228515625,
        33.700443267822266,
        33.6267204284668,
        33.485023498535156,
        33.496524810791016,
        33.44943618774414,
        33.55265808105469,
        33.527835845947266,
        33.53992462158203,
        33.506202697753906,
        33.533565521240234,
        33.49986267089844,
        33.48136901855469,
        33.43465805053711,
        33.43172836303711,
        33.617183685302734,
        33.742408752441406,
        33.72705078125,
        33.799808502197266,
        34.0466194152832,
        34.22101974487305,
        34.39361572265625,
        34.57072830200195,
        34.70476150512695,
        34.86072540283203,
        34.963401794433594,
        35.04550552368164,
        35.07638931274414,
        35.1181526184082,
        35.12450408935547,
        35.08235168457031,
        35.142818450927734,
        34.97538375854492,
        34.93156433105469,
        34.94098663330078,
        34.90901565551758,
        34.92329025268555,
        34.912410736083984,
        34.76484680175781,
        34.798492431640625,
        34.869300842285156,
        34.73845291137695,
        34.89112854003906,
        35.15855407714844,
        35.47224044799805,
        35.9803581237793,
        36.42595672607422,
        36.6626091003418,
        36.95494079589844,
        37.23463821411133,
        37.188575744628906,
        37.39353561401367,
        37.53226852416992,
        37.597740173339844,
        37.845428466796875,
        37.880130767822266,
        38.006954193115234,
        38.326622009277344,
        38.470924377441406,
        38.60462951660156,
        38.960140228271484
    ],