{
    "scene": "ficus",
    "checkpoint": "/tmp/pycharm_project_86/nerf-synthetic-checkpoints/results/ficus/nerf_50000.pt",
    "num_downscales": 1,
    "use_fp16": true,
    "render_time": 26.2148292142665,
    "psnr_avg": 32.065,
    "power_draw_avg": 251.02,
    "energy": 6580.446429365177,
    "lpips_avg": 0.02354377053678036,
    "psnrs": [
        33.78125,
        33.78125,
        34.0625,
        33.40625,
        33.15625,
        32.78125,
        32.5625,
        31.453125,
        31.84375,
        31.546875,
        31.453125,
        31.34375,
        31.515625,
        31.703125,
        31.703125,
        32.0625,
        31.59375,
        31.84375,
        31.453125,
        31.328125,
        31.15625,
        31.03125,
        31.109375,
        31.15625,
        31.328125,
        31.625,
        31.703125,
        31.546875,
        31.453125,
        31.03125,
        31.21875,
        30.921875,
        30.046875,
        30.75,
        30.515625,
        30.828125,
        30.71875,
        31.296875,
        32.1875,
        31.921875,
        32.28125,
        32.28125,
        32.09375,
        32.125,
        31.8125,
        31.265625,
        31.109375,
        31.0,
        31.03125,
        31.234375,
        31.453125,
        31.859375,
        32.21875,
        32.75,
        32.75,
        33.34375,
        33.78125,
        33.59375,
        33.1875,
        32.5625,
        31.859375,
        31.515625,
        31.59375,
        31.109375,
        31.15625,
        30.96875,
        31.234375,
        31.109375,
        31.265625,
        31.046875,
        31.0,
        31.03125,
        31.03125,
        31.1875,
        31.59375,
        31.96875,
        32.40625,
        32.53125,
        32.875,
        33.03125,
        33.25,
        33.65625,
        34.03125,
        34.3125,
        33.34375,
        33.96875,
        33.78125,
        33.4375,
        33.28125,
        33.25,
        33.3125,
        33.34375,
        33.3125,
        33.6875,
        33.65625,
        33.4375,
        33.71875,
        34.15625,
        34.21875,
        34.25,
        33.8125,
        33.59375,
        33.3125,
        33.34375,
        33.6875,
        32.96875,
        31.78125,
        30.515625,
        29.828125,
        29.796875,
        29.96875,
        30.890625,
        31.734375,
        32.125,
        31.96875,
        31.78125,
        30.9375,
        30.9375,
        31.0,
        31.265625,
        31.546875,
        32.0625,
        32.25,
        32.34375,
        32.3125,
        32.3125,
        32.4375,
        32.53125,
        32.625,
        32.53125,
        32.6875,
        32.78125,
        32.6875,
        32.5625,
        32.75,
        32.4375,
        32.625,
        32.34375,
        32.09375,
        32.0,
        32.15625,
        31.78125,
        31.953125,
        32.3125,
        32.15625,
        31.859375,
        31.859375,
        31.703125,
        31.65625,
        31.65625,
        31.734375,
        31.859375,
        31.96875,
        32.09375,
        32.28125,
        32.1875,
        32.375,
        32.15625,
        31.921875,
        31.515625,
        31.234375,
        30.71875,
        30.921875,
        30.9375,
        31.140625,
        32.21875,
        32.3125,
        32.71875,
        33.78125,
        33.59375,
        33.09375,
        32.78125,
        32.625,
        31.84375,
        32.21875,
        32.125,
        32.25,
        32.25,
        32.1875,
        31.96875,
        31.671875,
        31.4375,
        30.9375,
        30.78125,
        30.640625,
        30.515625,
        30.515625,
        30.71875,
        30.890625,
        31.1875,
        31.515625,
        31.5625,
        31.328125,
        31.78125,
        32.0625,
        32.21875,
        32.625,
        32.53125,
        33.0625,
        33.15625
    ],
    "lpips": [
        0.018745245411992073,
        0.01787150651216507,
        0.017974840477108955,
        0.020024411380290985,
        0.02026860974729061,
        0.020115075632929802,
        0.021584291011095047,
        0.022070694714784622,
        0.022180363535881042,
        0.021746927872300148,
        0.02427411824464798,
        0.023297704756259918,
        0.02226681262254715,
        0.023523518815636635,
        0.023661818355321884,
        0.022249791771173477,
        0.02317441999912262,
        0.023709461092948914,
        0.02441244013607502,
        0.025945279747247696,
        0.02739712782204151,
        0.026008879765868187,
        0.025683525949716568,
        0.025791417807340622,
        0.025073088705539703,
        0.02472187951207161,
        0.024437956511974335,
        0.024709179997444153,
        0.025076884776353836,
        0.023990217596292496,
        0.024586398154497147,
        0.027261260896921158,
        0.028977826237678528,
        0.029122725129127502,
        0.02817385271191597,
        0.02821199968457222,
        0.02847929298877716,
        0.028407225385308266,
        0.025934109464287758,
        0.0256500244140625,
        0.023524273186922073,
        0.024390138685703278,
        0.02511586807668209,
        0.024653490632772446,
        0.024590294808149338,
        0.026250235736370087,
        0.025939881801605225,
        0.02658417448401451,
        0.026403173804283142,
        0.024017831310629845,
        0.023068742826581,
        0.023004963994026184,
        0.022760236635804176,
        0.020106827840209007,
        0.02079140581190586,
        0.021327180787920952,
        0.0207139253616333,
        0.022486310452222824,
        0.023720676079392433,
        0.024978909641504288,
        0.024835634976625443,
        0.02691132202744484,
        0.02857978828251362,
        0.028418485075235367,
        0.028868533670902252,
        0.030229602009058,
        0.026396382600069046,
        0.025898080319166183,
        0.026186853647232056,
        0.02732437290251255,
        0.027182254940271378,
        0.02504570037126541,
        0.026599252596497536,
        0.023538172245025635,
        0.024128489196300507,
        0.023149147629737854,
        0.02255099080502987,
        0.021119263023138046,
        0.019675422459840775,
        0.018880445510149002,
        0.018643641844391823,
        0.01742072030901909,
        0.017780276015400887,
        0.0166061632335186,
        0.017414752393960953,
        0.0179685577750206,
        0.01694551296532154,
        0.01735835149884224,
        0.019415155053138733,
        0.0179742444306612,
        0.016843874007463455,
        0.016996286809444427,
        0.01667974889278412,
        0.01653352379798889,
        0.016734950244426727,
        0.017121927812695503,
        0.01701214164495468,
        0.014186365529894829,
        0.013342659920454025,
        0.014193495735526085,
        0.015567459166049957,
        0.014749988913536072,
        0.016240445896983147,
        0.018278345465660095,
        0.01719249039888382,
        0.020332135260105133,
        0.023071948438882828,
        0.0250907801091671,
        0.026511695235967636,
        0.02873286046087742,
        0.025007303804159164,
        0.024615198373794556,
        0.02416003867983818,
        0.02377288043498993,
        0.025079738348722458,
        0.024489212781190872,
        0.023805618286132812,
        0.025390904396772385,
        0.024503976106643677,
        0.02378489449620247,
        0.025692880153656006,
        0.026573844254016876,
        0.02397666499018669,
        0.0227322019636631,
        0.02140788361430168,
        0.02255420759320259,
        0.021563250571489334,
        0.020831884816288948,
        0.01980016753077507,
        0.0216507725417614,
        0.021266810595989227,
        0.02116209641098976,
        0.022953979671001434,
        0.02441546693444252,
        0.02184647135436535,
        0.020954567939043045,
        0.021063758060336113,
