{
    "scene": "drums",
    "checkpoint": "/tmp/pycharm_project_86/nerf-synthetic-checkpoints/results/drums/nerf_50000.pt",
    "num_downscales": 1,
    "use_fp16": false,
    "render_time": 121.69904554728419,
    "psnr_avg": 26.245695915222168,
    "power_draw_avg": 322.89,
    "energy": 39295.40481676259,
    "lpips_avg": 0.0640890410169959,
    "psnrs": [
        27.937192916870117,
        27.82625961303711,
        27.733762741088867,
        27.56158447265625,
        26.997909545898438,
        26.497772216796875,
        26.581613540649414,
        26.524080276489258,
        26.43640899658203,
        25.851490020751953,
        25.626741409301758,
        26.230939865112305,
        27.291913986206055,
        28.453245162963867,
        29.306827545166016,
        29.634441375732422,
        29.66724395751953,
        28.379940032958984,
        27.3402099609375,
        26.671276092529297,
        26.032869338989258,
        25.59273910522461,
        25.449058532714844,
        25.54747200012207,
        26.389684677124023,
        27.276168823242188,
        27.44939422607422,
        26.714929580688477,
        26.57825469970703,
        27.037220001220703,
        27.772363662719727,
        27.67536735534668,
        27.301054000854492,
        27.360246658325195,
        27.50419044494629,
        27.54163932800293,
        27.495651245117188,
        27.857847213745117,
        28.718778610229492,
        28.550453186035156,
        28.089616775512695,
        27.87428855895996,
        28.200822830200195,
        28.598432540893555,
        28.165546417236328,
        27.17156982421875,
        26.093603134155273,
        24.740360260009766,
        23.76116180419922,
        23.305561065673828,
        23.331737518310547,
        23.48969841003418,
        23.668331146240234,
        23.7293758392334,
        24.051084518432617,
        24.55219078063965,
        25.387279510498047,
        26.24395751953125,
        27.183433532714844,
        27.88474464416504,
        27.696205139160156,
        27.268022537231445,
        26.179872512817383,
        25.811573028564453,
        26.857812881469727,
        28.1737003326416,
        28.185998916625977,
        27.10413360595703,
        26.601945877075195,
        26.281240463256836,
        25.55305290222168,
        24.98033332824707,
        24.852313995361328,
        24.902055740356445,
        24.863279342651367,
        24.893449783325195,
        25.747751235961914,
        26.60821533203125,
        27.439006805419922,
        26.534631729125977,
        25.384458541870117,
        24.713659286499023,
        24.291492462158203,
        24.31618309020996,
        24.73336410522461,
        25.453277587890625,
        26.151817321777344,
        25.590944290161133,
        24.540876388549805,
        24.451583862304688,
        24.1981201171875,
        24.291067123413086,
        24.361860275268555,
        24.6307430267334,
        24.873363494873047,
        24.819734573364258,
        24.89068603515625,
        24.931697845458984,
        24.763046264648438,
        24.382308959960938,
        24.130369186401367,
        24.019981384277344,
        24.113054275512695,
        24.559091567993164,
        26.307632446289062,
        28.78282356262207,
        27.656780242919922,
        26.488990783691406,
        26.38680076599121,
        26.61559295654297,
        26.645872116088867,
        27.048799514770508,
        26.60578727722168,
        26.546972274780273,
        27.338817596435547,
        28.554933547973633,
        27.02741241455078,
        25.70036506652832,
        24.83839225769043,
        24.5147647857666,
        24.037342071533203,
        24.27876853942871,
        24.58839225769043,
        24.992109298706055,
        26.202857971191406,
        27.798301696777344,
        30.70659828186035,
        28.78514289855957,
        27.792081832885742,
        27.487171173095703,
        28.35515594482422,
        26.892684936523438,
        27.618741989135742,
        28.48708152770996,
        28.072124481201172,
        26.973501205444336,
        26.10407829284668,
        25.2457218170166,
        24.6856689453125,
        24.31755256652832,
        24.2437801361084,
        24.656198501586914,
        25.132909774780273,
        25.35263442993164,
        26.074308395385742,
        26.082508087158203,
        24.57000160217285,
        23.724044799804688,
        23.416454315185547,
        23.30570411682129,
        23.319171905517578,
        23.48918914794922,
        23.55596351623535,
        23.58873748779297,
        23.814069747924805,
        24.23447608947754,
        24.506994247436523,
        24.863161087036133,
        25.44699478149414,
        25.928363800048828,
        26.00920295715332,
        25.475250244140625,
        24.50347328186035,
        24.1007022857666,
        24.18983268737793,
        24.08882713317871,
        23.945499420166016,
        23.88637924194336,
        23.80815887451172,
        23.975467681884766,
        24.539119720458984,
        25.65785789489746,
        26.419530868530273,
        26.68816566467285,
        26.961666107177734,
        27.08060646057129,
        26.812992095947266,
        26.31231117248535,
        26.079809188842773,
        26.03383445739746,
        26.37141990661621,
        26.738027572631836,
        26.90584945678711,
        27.096466064453125,
        27.449180603027344,
        28.073261260986328,
        28.749801635742188,
        29.269804000854492,
        29.34992218017578,
        29.215686798095703,
        29.0047607421875,
        28.76485824584961,
        28.904531478881836,
        29.15915870666504,
        29.381637573242188,
        29.09677505493164,
        28.933940887451172,
        28.66077423095703,
        28.42294692993164,
        28.187801361083984
    ],