{
    "scene": "ship",
    "checkpoint": "/tmp/pycharm_project_86/nerf-synthetic-checkpoints/results/ship/nerf_50000.pt",
    "num_downscales": 1,
    "use_fp16": true,
    "render_time": 114.58815239014803,
    "psnr_avg": 29.43375,
    "power_draw_avg": 315.865,
    "energy": 36194.386754714105,
    "lpips_avg": 0.15654151774942876,
    "psnrs": [
        29.28125,
        29.09375,
        28.90625,
        28.796875,
        28.609375,
        28.53125,
        28.46875,
        28.359375,
        28.53125,
        28.46875,
        28.5625,
        28.609375,
        28.796875,
        28.96875,
        28.984375,
        29.15625,
        29.078125,
        29.078125,
        28.859375,
        28.75,
        28.53125,
        28.359375,
        28.46875,
        28.359375,
        28.46875,
        28.609375,
        28.65625,
        28.828125,
        29.015625,
        29.078125,
        29.390625,
        29.484375,
        29.265625,
        29.9375,
        29.828125,
        30.109375,
        29.890625,
        30.3125,
        30.375,
        29.90625,
        29.90625,
        29.890625,
        29.6875,
        29.71875,
        29.609375,
        29.53125,
        29.5,
        29.453125,
        29.375,
        29.234375,
        29.421875,
        29.53125,
        29.5625,
        29.453125,
        29.265625,
        29.5625,
        29.59375,
        29.671875,
        29.5625,
        29.484375,
        29.5,
        29.609375,
        29.59375,
        29.484375,
        29.671875,
        29.671875,
        29.78125,
        29.90625,
        30.078125,
        29.9375,
        30.1875,
        30.109375,
        30.234375,
        30.53125,
        30.484375,
        30.921875,
        31.03125,
        30.71875,
        30.671875,
        30.53125,
        30.671875,
        30.921875,
        31.03125,
        30.78125,
        30.015625,
        29.890625,
        29.421875,
        28.984375,
        28.71875,
        28.390625,
        28.171875,
        27.984375,
        27.796875,
        27.609375,
        27.578125,
        27.4375,
        27.34375,
        27.28125,
        27.3125,
        27.3125,
        27.390625,
        27.515625,
        27.671875,
        27.75,
        27.765625,
        27.796875,
        27.9375,
        28.015625,
        27.9375,
        27.953125,
        27.9375,
        27.90625,
        28.453125,
        28.984375,
        29.375,
        29.671875,
        29.71875,
        30.078125,
        29.828125,
        29.421875,
        29.59375,
        30.015625,
        30.40625,
        30.515625,
        30.421875,
        30.046875,
        30.015625,
        30.125,
        30.296875,
        30.421875,
        30.375,
        30.265625,
        30.109375,
        29.96875,
        29.859375,
        29.5625,
        29.609375,
        29.28125,
        29.34375,
        29.28125,
        29.28125,
        29.015625,
        28.9375,
        28.9375,
        29.015625,
        28.90625,
        29.015625,
        28.96875,
        28.984375,
        29.203125,
        29.421875,
        29.53125,
        29.484375,
        29.53125,
        29.609375,
        29.53125,
        29.640625,
        29.609375,
        29.6875,
        29.75,
        29.828125,
        29.484375,
        29.609375,
        29.5625,
        29.5625,
        29.828125,
        29.609375,
        29.5625,
        29.796875,
        30.015625,
        30.046875,
        30.015625,
        30.1875,
        29.71875,
        30.34375,
        30.40625,
        30.484375,
        30.640625,
        30.484375,
        30.640625,
        30.640625,
        30.703125,
        30.53125,
        30.640625,
        30.671875,
        30.515625,
        30.34375,
        30.375,
        30.296875,
        30.015625,
        30.265625,
        30.15625,
        29.6875,
        30.0,
        29.96875,
        29.75,
        29.796875,
        29.640625,
        29.609375,
        29.53125
    ],