{
    "scene": "mic",
    "checkpoint": "/tmp/pycharm_project_86/nerf-synthetic-checkpoints/results/mic/nerf_50000.pt",
    "num_downscales": 1,
    "use_fp16": true,
    "render_time": 26.517858771898318,
    "psnr_avg": 33.51625,
    "power_draw_avg": 239.965,
    "energy": 6363.35798019858,
    "lpips_avg": 0.027399454563856125,
    "psnrs": [
        33.0625,
        33.4375,
        34.65625,
        34.0,
        34.46875,
        34.25,
        34.375,
        33.0625,
        33.96875,
        33.90625,
        34.40625,
        34.1875,
        34.28125,
        34.03125,
        33.53125,
        33.28125,
        32.8125,
        32.84375,
        32.59375,
        32.3125,
        32.40625,
        32.71875,
        32.53125,
        32.40625,
        33.0,
        32.8125,
        33.375,
        33.53125,
        33.625,
        33.125,
        33.34375,
        33.28125,
        32.21875,
        33.34375,
        32.875,
        32.8125,
        32.1875,
        33.0,
        33.09375,
        32.40625,
        33.125,
        33.40625,
        33.34375,
        33.96875,
        33.96875,
        34.25,
        34.3125,
        34.375,
        34.0,
        34.1875,
        34.15625,
        33.5,
        33.1875,
        33.4375,
        32.90625,
        33.625,
        33.875,
        34.1875,
        34.15625,
        33.8125,
        33.40625,
        33.34375,
        33.5,
        32.8125,
        32.59375,
        32.5625,
        32.90625,
        32.875,
        33.40625,
        32.8125,
        32.78125,
        32.78125,
        32.5625,
        33.71875,
        33.1875,
        34.59375,
        34.375,
        35.125,
        35.21875,
        35.4375,
        35.34375,
        35.3125,
        35.28125,
        35.4375,
        34.09375,
        35.125,
        35.21875,
        34.8125,
        35.3125,
        35.21875,
        35.0625,
        34.625,
        34.15625,
        33.78125,
        33.5625,
        33.34375,
        32.75,
        32.90625,
        32.8125,
        33.0625,
        32.8125,
        33.3125,
        33.15625,
        33.21875,
        33.15625,
        33.21875,
        33.78125,
        33.75,
        34.03125,
        34.15625,
        34.1875,
        33.96875,
        33.84375,
        33.71875,
        33.5625,
        33.65625,
        33.15625,
        33.34375,
        33.4375,
        33.5,
        33.5,
        33.90625,
        33.875,
        33.84375,
        34.1875,
        33.4375,
        34.53125,
        33.21875,
        34.15625,
        33.90625,
        33.46875,
        34.25,
        33.0,
        33.1875,
        32.8125,
        32.5,
        32.90625,
        32.75,
        32.90625,
        33.53125,
        33.78125,
        33.34375,
        33.3125,
        33.6875,
        33.90625,
        33.78125,
        34.25,
        33.8125,
        33.90625,
        34.0625,
        34.03125,
        33.5,
        33.28125,
        33.59375,
        33.65625,
        34.125,
        34.25,
        33.75,
        33.34375,
        32.90625,
        32.75,
        31.921875,
        32.09375,
        32.40625,
        32.5,
        33.09375,
        32.53125,
        32.75,
        33.0625,
        33.28125,
        33.03125,
        32.875,
        33.34375,
        31.546875,
        32.75,
        32.625,
        32.3125,
        32.75,
        32.625,
        32.96875,
        33.0,
        33.21875,
        33.09375,
        33.34375,
        33.21875,
        33.34375,
        33.34375,
        33.5625,
        32.9375,
        33.53125,
        34.21875,
        34.15625,
        32.71875,
        34.28125,
        34.4375,
        33.84375,
        34.25,
        33.34375,
        33.34375,
        33.15625
    ],
    "lpips": [
        0.0244793351739645,
        0.02464207448065281,
        0.0219016894698143,
        0.023797426372766495,
        0.023027971386909485,
        0.023772545158863068,
        0.02477852813899517,
        0.024198759347200394,
        0.024555882439017296,
        0.023257002234458923,
        0.024313906207680702,
        0.024984125047922134,
        0.025417739525437355,
        0.02818688005208969,
        0.027742497622966766,
        0.0278897937387228,
        0.028742477297782898,
        0.03027123212814331,
        0.032068368047475815,
        0.032247286289930344,
        0.03135301172733307,
        0.03130875527858734,
        0.03188368305563927,
        0.030315997079014778,
        0.02994389832019806,
        0.028298519551753998,
        0.025790005922317505,
        0.026853367686271667,
        0.02722291089594364,
        0.028915565460920334,
        0.029329802840948105,
        0.02870633639395237,
        0.03002915158867836,
        0.028635777533054352,
        0.029089033603668213,
        0.029188986867666245,
        0.030865363776683807,
        0.027715424075722694,
        0.026298625394701958,
        0.02680128440260887,
        0.02387826144695282,
        0.024572143331170082,
        0.023092634975910187,
        0.02223251387476921,
        0.023064907640218735,
        0.02131853811442852,
        0.020947977900505066,
        0.019287757575511932,
        0.01924767717719078,
        0.017458681017160416,
        0.017726797610521317,
        0.017273668199777603,
        0.018550189211964607,
        0.01759866625070572,
        0.018525976687669754,
        0.01953825168311596,
        0.02107003703713417,
        0.02005389705300331,
        0.020019253715872765,
        0.020987125113606453,
        0.021698687225580215,
        0.022228892892599106,
        0.023625485599040985,
        0.026874516159296036,
        0.027049634605646133,
        0.027980750426650047,
        0.02788294106721878,
        0.030346589162945747,
        0.031066453084349632,
        0.03177841752767563,
        0.031658824533224106,
        0.03165219724178314,
        0.02926495298743248,
        0.027783915400505066,
        0.02799358405172825,
        0.026965264230966568,
        0.027147527784109116,
        0.026688016951084137,
        0.026720087975263596,
        0.029529796913266182,
        0.030821098014712334,
        0.030324216932058334,
        0.03011147864162922,
        0.028691977262496948,
        0.03215654194355011,
        0.03223423659801483,
        0.031061893329024315,
        0.030326727777719498,
        0.030393114313483238,
        0.031090963631868362,
        0.03003702685236931,
        0.03129202872514725,
        0.027992188930511475,
        0.028998155146837234,
        0.029582275077700615,
        0.030372943729162216,
        0.0342906191945076,
        0.03364834189414978,
        0.03089311346411705,
        0.030890638008713722,
        0.027555324137210846,
        0.028572499752044678,
        0.030044782906770706,
        0.030825596302747726,
        0.0321815088391304,
        0.03262931853532791,
        0.030463656410574913,
        0.032041870057582855,
        0.034655310213565826,
        0.03384701535105705,
        0.03464656323194504,
        0.03683972731232643,
        0.03602616488933563,
        0.03929702937602997,
        0.03905192017555237,
        0.03915031999349594,
        0.03895937278866768,
        0.03658701479434967,
        0.03701618313789368,
        0.03643340617418289,
        0.03741764277219772,
        0.03572459518909454,
        0.03397030383348465,
        0.03407026454806328,
        0.032575398683547974,
        0.031233977526426315,
        0.030032571405172348,
        0.0315183587372303,
        0.03082972578704357,
        0.03265395015478134,
        0.03288391977548599,
        0.03544651344418526,
        0.03432818129658699,
        0.03357059508562088,
        0.033803217113018036,
        0.03227701410651207,
        0.03151177614927292,
        0.03188826143741608,
        0.02949615567922592,
        0.02835003472864628,
        0.025423157960176468,
        0.02630319446325302,
