{
    "scene": "mic",
    "checkpoint": "/tmp/pycharm_project_86/nerf-synthetic-checkpoints/results/mic/nerf_50000.pt",
    "num_downscales": 1,
    "use_fp16": true,
    "render_time": 43.010923715890385,
    "psnr_avg": 9.0842578125,
    "power_draw_avg": 273.07,
    "energy": 11744.992939098187,
    "lpips_avg": 0.3364830502867699,
    "psnrs": [
        8.4453125,
        8.4765625,
        8.4921875,
        8.4921875,
        8.421875,
        8.375,
        8.3046875,
        8.28125,
        8.265625,
        8.2578125,
        8.2890625,
        8.3515625,
        8.421875,
        8.5234375,
        8.625,
        8.703125,
        8.7578125,
        8.7890625,
        8.828125,
        8.8828125,
        8.921875,
        8.9609375,
        9.0234375,
        9.0859375,
        9.1015625,
        9.1015625,
        9.0625,
        9.0,
        8.9453125,
        8.921875,
        8.9140625,
        8.859375,
        8.796875,
        8.7109375,
        8.6328125,
        8.59375,
        8.59375,
        8.59375,
        8.640625,
        8.703125,
        8.75,
        8.765625,
        8.78125,
        8.828125,
        8.9140625,
        9.0546875,
        9.15625,
        9.234375,
        9.2890625,
        9.421875,
        9.5078125,
        9.515625,
        9.46875,
        9.3984375,
        9.3359375,
        9.296875,
        9.265625,
        9.265625,
        9.234375,
        9.203125,
        9.171875,
        9.1953125,
        9.203125,
        9.15625,
        9.1328125,
        9.1640625,
        9.1953125,
        9.2265625,
        9.203125,
        9.2421875,
        9.328125,
        9.4765625,
        9.6796875,
        9.8515625,
        9.9765625,
        10.1015625,
        10.109375,
        9.9765625,
        9.7578125,
        9.5078125,
        9.328125,
        9.1953125,
        9.1484375,
        9.1640625,
        9.2890625,
        9.3671875,
        9.4375,
        9.4453125,
        9.375,
        9.3203125,
        9.2265625,
        9.171875,
        9.125,
        9.1171875,
        9.1640625,
        9.21875,
        9.3203125,
        9.390625,
        9.3984375,
        9.375,
        9.296875,
        9.2890625,
        9.21875,
        9.1328125,
        9.0625,
        8.9609375,
        8.8984375,
        8.8828125,
        8.859375,
        8.8828125,
        8.9140625,
        8.984375,
        9.1171875,
        9.2578125,
        9.328125,
        9.3125,
        9.265625,
        9.203125,
        9.171875,
        9.265625,
        9.40625,
        9.6015625,
        9.8515625,
        10.046875,
        10.1171875,
        10.0859375,
        9.9765625,
        9.78125,
        9.5078125,
        9.234375,
        9.015625,
        8.859375,
        8.7890625,
        8.75,
        8.671875,
        8.6796875,
        8.7421875,
        8.8203125,
        8.859375,
        8.8125,
        8.7578125,
        8.7578125,
        8.75,
        8.796875,
        8.8984375,
        9.015625,
        9.1484375,
        9.265625,
        9.3671875,
        9.4921875,
        9.5390625,
        9.515625,
        9.421875,
        9.359375,
        9.2578125,
        9.1953125,
        9.1953125,
        9.234375,
        9.2421875,
        9.1875,
        9.1328125,
        9.1484375,
        9.203125,
        9.21875,
        9.1953125,
        9.1875,
        9.2265625,
        9.2890625,
        9.359375,
        9.421875,
        9.4609375,
        9.484375,
        9.4609375,
        9.4375,
        9.4375,
        9.4375,
        9.4609375,
        9.4609375,
        9.3984375,
        9.296875,
        9.21875,
        9.1640625,
        9.09375,
        9.0234375,
        8.953125,
        8.875,
        8.765625,
        8.6796875,
        8.59375,
        8.53125,
        8.4921875,
        8.4765625,
        8.4296875,
        8.390625,
        8.359375,
        8.3203125,
        8.296875,
        8.328125,
        8.359375,
        8.3984375
    ],
    "lpips": [
        0.3910138010978699,
        0.3896723985671997,
        0.3878016769886017,
        0.38629791140556335,
        0.38655251264572144,
        0.3890288174152374,
        0.3910146951675415,
        0.39324188232421875,
        0.39349403977394104,
        0.39215317368507385,
        0.39013993740081787,
        0.3874247372150421,
        0.38393399119377136,
        0.38261163234710693,
        0.38024812936782837,
        0.37786829471588135,
        0.3759552836418152,
        0.37460294365882874,
        0.37228724360466003,
        0.3706734776496887,
        0.36832940578460693,
        0.36604708433151245,
        0.36538374423980713,
        0.3638925850391388,
        0.36585673689842224,
        0.36567455530166626,
        0.3655756711959839,
        0.36582422256469727,
        0.36312246322631836,
        0.3604752719402313,
        0.3572275936603546,
        0.35614079236984253,
        0.35659509897232056,
        0.3568195402622223,
        0.35693734884262085,
        0.3583550453186035,
        0.3548440933227539,
        0.35206884145736694,
        0.34898096323013306,
        0.34469524025917053,
        0.3405894339084625,
        0.33655816316604614,
        0.3338161110877991,
        0.32693052291870117,
        0.31990712881088257,
        0.3146987855434418,
        0.3071724474430084,
        0.3010125756263733,
        0.2981555163860321,
        0.2961207628250122,
        0.29605892300605774,
        0.2972096800804138,
        0.2980536222457886,
        0.29868239164352417,
        0.300817608833313,
        0.3052535653114319,
        0.3088754117488861,
        0.31058987975120544,
        0.31359851360321045,
        0.31600719690322876,
        0.3177921772003174,
        0.3177112936973572,
        0.3173826336860657,
        0.31972536444664,
        0.3189486563205719,
        0.31705498695373535,
        0.316989004611969,
        0.3130178451538086,
        0.3122570216655731,
        0.31132107973098755,
        0.31166258454322815,
        0.3096071481704712,
        0.3068211078643799,
        0.30309054255485535,
        0.29997941851615906,
        0.2966777980327606,
        0.2959117591381073,
        0.3010520339012146,
        0.30569717288017273,
        0.30970025062561035,
        0.31578803062438965,
        0.31812646985054016,
        0.3197399973869324,
        0.3211885094642639,
        0.3207695484161377,
        0.3204488158226013,
        0.31922584772109985,
        0.3189719617366791,
        0.3198728561401367,
        0.31912291049957275,
        0.31738829612731934,
        0.3178645074367523,
        0.318454772233963,
        0.3194285035133362,
        0.3195750415325165,
        0.3174991309642792,
        0.3147866129875183,
        0.3124792277812958,
        0.3128030300140381,
        0.3153204619884491,
        0.3170259892940521,
        0.31848832964897156,
        0.32051271200180054,
        0.3233236074447632,
        0.32757970690727234,
        0.3329092264175415,
        0.33738261461257935,
        0.341195285320282,
        0.3453270494937897,
        0.3467369079589844,
        0.3488887548446655,
        0.3487318456172943,
        0.3484785556793213,
        0.34881266951560974,
        0.3500600755214691,
        0.3509112298488617,
        0.34980300068855286,
        0.3473105728626251,
        0.34472817182540894,
        0.3398360311985016,
        0.3356155455112457,
        0.33252662420272827,
        0.3288794159889221,
        0.326043039560318,
        0.3247455656528473,
        0.3247804045677185,
        0.32344764471054077,
        0.32554036378860474,
        0.3274517059326172,
        0.33224359154701233,
        0.33692222833633423,
        0.3396713137626648,
        0.34165191650390625,
        0.3420930504798889,
        0.34410005807876587,
        0.342466801404953,
        0.3440711200237274,
        0.3422691822052002,
        0.34065306186676025,
        0.3384588956832886,
