{
    "scene": "mic",
    "checkpoint": "/tmp/pycharm_project_86/nerf-synthetic-checkpoints/results/mic/nerf_50000.pt",
    "num_downscales": 1,
    "use_fp16": false,
    "render_time": 119.69241479999619,
    "psnr_avg": 9.083418583869934,
    "power_draw_avg": 321.935,
    "energy": 38533.17755863677,
    "lpips_avg": 0.33498899281024935,
    "psnrs": [
        8.44277572631836,
        8.479255676269531,
        8.491013526916504,
        8.488987922668457,
        8.424054145812988,
        8.36996841430664,
        8.309918403625488,
        8.275754928588867,
        8.269099235534668,
        8.25958251953125,
        8.28355598449707,
        8.34989070892334,
        8.424208641052246,
        8.520496368408203,
        8.622964859008789,
        8.702896118164062,
        8.763092994689941,
        8.791356086730957,
        8.830785751342773,
        8.872732162475586,
        8.916178703308105,
        8.966622352600098,
        9.026374816894531,
        9.084059715270996,
        9.103172302246094,
        9.098407745361328,
        9.055710792541504,
        8.998035430908203,
        8.935914039611816,
        8.922321319580078,
        8.918769836425781,
        8.85279655456543,
        8.787727355957031,
        8.709935188293457,
        8.628106117248535,
        8.587084770202637,
        8.583503723144531,
        8.589188575744629,
        8.64023494720459,
        8.703410148620605,
        8.750252723693848,
        8.770406723022461,
        8.771867752075195,
        8.824357986450195,
        8.919414520263672,
        9.044466018676758,
        9.152850151062012,
        9.237720489501953,
        9.283921241760254,
        9.423397064208984,
        9.500558853149414,
        9.519000053405762,
        9.463972091674805,
        9.397433280944824,
        9.346664428710938,
        9.298401832580566,
        9.258115768432617,
        9.264069557189941,
        9.240744590759277,
        9.205484390258789,
        9.176673889160156,
        9.199294090270996,
        9.209794998168945,
        9.15406608581543,
        9.133152961730957,
        9.170884132385254,
        9.19674301147461,
        9.227993965148926,
        9.206299781799316,
        9.244831085205078,
        9.329916000366211,
        9.475682258605957,
        9.680447578430176,
        9.848505973815918,
        9.970476150512695,
        10.10438346862793,
        10.104267120361328,
        9.971033096313477,
        9.754855155944824,
        9.506999969482422,
        9.332019805908203,
        9.189726829528809,
        9.144447326660156,
        9.159838676452637,
        9.291943550109863,
        9.365117073059082,
        9.435513496398926,
        9.445365905761719,
        9.36890983581543,
        9.322516441345215,
        9.232691764831543,
        9.181114196777344,
        9.125910758972168,
        9.119224548339844,
        9.158555030822754,
        9.223224639892578,
        9.321541786193848,
        9.387520790100098,
        9.3956880569458,
        9.373648643493652,
        9.292844772338867,
        9.281128883361816,
        9.210495948791504,
        9.134387016296387,
        9.064127922058105,
        8.965900421142578,
        8.899089813232422,
        8.873967170715332,
        8.861794471740723,
        8.88485050201416,
        8.9164457321167,
        8.984720230102539,
        9.117523193359375,
        9.253251075744629,
        9.325898170471191,
        9.314390182495117,
        9.271018028259277,
        9.198753356933594,
        9.175429344177246,
        9.266851425170898,
        9.408421516418457,
        9.599652290344238,
        9.851374626159668,
        10.042499542236328,
        10.117645263671875,
        10.078222274780273,
        9.968718528747559,
        9.77908706665039,
        9.509984016418457,
        9.233875274658203,
        9.014994621276855,
        8.851028442382812,
        8.780177116394043,
        8.751710891723633,
        8.670807838439941,
        8.676270484924316,
        8.739214897155762,
        8.816383361816406,
        8.852453231811523,
        8.818283081054688,
        8.760645866394043,
        8.755471229553223,
        8.751341819763184,
        8.79597282409668,
        8.901618003845215,
        9.01888656616211,
        9.14254379272461,
        9.262089729309082,
        9.368802070617676,
        9.483015060424805,
        9.546064376831055,
        9.519115447998047,
        9.423966407775879,
        9.348974227905273,
        9.259520530700684,
        9.196380615234375,
        9.195847511291504,
        9.234683990478516,
        9.246034622192383,
        9.188151359558105,
        9.138920783996582,
        9.142971992492676,
        9.201727867126465,
        9.221186637878418,
        9.198722839355469,
        9.187520027160645,
        9.22569751739502,
        9.29358196258545,
        9.358003616333008,
        9.420862197875977,
        9.461337089538574,
        9.485594749450684,
        9.459531784057617,
        9.447383880615234,
        9.438261985778809,
        9.43999195098877,
        9.45453929901123,
        9.455053329467773,
        9.403220176696777,
        9.295195579528809,
        9.212657928466797,
        9.165230751037598,
        9.094093322753906,
        9.021793365478516,
        8.9517240524292,
        8.873787879943848,
        8.766305923461914,
        8.673749923706055,
        8.589646339416504,
        8.525650978088379,
        8.489563941955566,
        8.471040725708008,
        8.425554275512695,
        8.38696575164795,
        8.361867904663086,
        8.319205284118652,
        8.299895286560059,
        8.321685791015625,
        8.360557556152344,
        8.396772384643555
    ],