{
    "scene": "mic",
    "checkpoint": "/tmp/pycharm_project_86/nerf-synthetic-checkpoints/results/mic/nerf_50000.pt",
    "num_downscales": 1,
    "use_fp16": false,
    "render_time": 59.07430360768922,
    "psnr_avg": 34.59022743225098,
    "power_draw_avg": 296.825,
    "energy": 17534.73016835235,
    "lpips_avg": 0.020263317292556166,
    "psnrs": [
        34.05862808227539,
        34.857452392578125,
        36.017723083496094,
        35.68537902832031,
        35.83214569091797,
        35.766761779785156,
        35.66542053222656,
        35.599308013916016,
        35.89619445800781,
        35.869232177734375,
        35.90432357788086,
        36.19135665893555,
        35.877662658691406,
        35.25304412841797,
        34.7780876159668,
        34.36699295043945,
        34.058921813964844,
        33.75802993774414,
        33.41661834716797,
        32.95539093017578,
        33.130653381347656,
        33.49962615966797,
        33.1032600402832,
        33.18014907836914,
        34.04792785644531,
        33.650390625,
        34.26488494873047,
        34.688785552978516,
        34.72377014160156,
        34.80218505859375,
        34.36689376831055,
        34.32786178588867,
        34.08330535888672,
        34.520538330078125,
        34.18891143798828,
        34.60138702392578,
        34.42427062988281,
        34.26561737060547,
        34.31733703613281,
        34.36343002319336,
        34.456398010253906,
        34.744354248046875,
        34.945682525634766,
        35.06424331665039,
        35.28031539916992,
        35.64103698730469,
        35.63184356689453,
        35.78409194946289,
        35.67102813720703,
        35.50118637084961,
        35.20878982543945,
        34.35048294067383,
        34.01816940307617,
        34.108280181884766,
        34.213531494140625,
        34.5155029296875,
        34.819828033447266,
        34.999637603759766,
        35.05100631713867,
        35.106624603271484,
        34.89606857299805,
        34.72907638549805,
        34.47970962524414,
        34.22584533691406,
        34.004146575927734,
        33.9677619934082,
        34.206932067871094,
        33.85483932495117,
        34.00578689575195,
        33.62194061279297,
        33.301246643066406,
        33.476261138916016,
        33.16993713378906,
        34.08402633666992,
        33.62516403198242,
        34.91633224487305,
        34.793827056884766,
        35.81570053100586,
        36.03053665161133,
        36.25055694580078,
        36.23450469970703,
        36.20350646972656,
        36.224056243896484,
        36.334930419921875,
        36.16088104248047,
        36.18984603881836,
        36.3263053894043,
        36.35089111328125,
        36.65620040893555,
        36.52691650390625,
        36.124332427978516,
        35.50432205200195,
        34.943790435791016,
        34.397117614746094,
        33.95520782470703,
        33.73263931274414,
        33.256309509277344,
        33.24739456176758,
        33.364471435546875,
        33.29727554321289,
        33.17813491821289,
        33.62716293334961,
        33.606990814208984,
        33.59487533569336,
        33.653160095214844,
        33.717124938964844,
        34.13970947265625,
        34.31188201904297,
        34.816287994384766,
        34.89693069458008,
        34.9997444152832,
        34.89223098754883,
        34.668575286865234,
        34.63213348388672,
        34.358978271484375,
        34.19599151611328,
        34.042686462402344,
        34.0540657043457,
        34.126075744628906,
        34.29900360107422,
        34.30452346801758,
        34.4326286315918,
        34.523250579833984,
        34.345550537109375,
        34.631202697753906,
        34.02788162231445,
        35.08854675292969,
        33.71577453613281,
        34.46205520629883,
        34.510868072509766,
        34.110477447509766,
        35.20327377319336,
        33.58741760253906,
        33.9667854309082,
        33.34467315673828,
        33.289974212646484,
        33.495582580566406,
        33.77947998046875,
        34.211605072021484,
        34.581443786621094,
        34.72057342529297,
        34.73396682739258,
        34.48974609375,
        34.54059600830078,
        34.819793701171875,
        35.08940505981445,
        35.25663375854492,
        35.258148193359375,
        35.408870697021484,
        35.52122497558594,
        35.14292526245117,
        34.34446334838867,
        34.127464294433594,
        34.40024948120117,
        34.75733947753906,
        35.236202239990234,
        35.330997467041016,
        34.91472625732422,
        34.47065353393555,
        34.06433868408203,
        33.66310501098633,
        33.63554382324219,
        33.66861343383789,
        33.78718948364258,
        34.111202239990234,
        34.31785583496094,
        34.44145965576172,
        34.902164459228516,
        34.640480041503906,
        34.72000503540039,
        34.50874710083008,
        34.14619827270508,
        34.39616775512695,
        33.57376480102539,
        33.53272247314453,
        33.807430267333984,
        33.298255920410156,
        33.6348991394043,
        33.84571838378906,
        33.93882751464844,
        33.967681884765625,
        34.213863372802734,
        34.2263298034668,
        34.521156311035156,
        34.30830001831055,
        34.643619537353516,
        34.78913497924805,
        34.61357498168945,
        33.889060974121094,
        34.945255279541016,
        35.25052261352539,
        35.52792739868164,
        35.668025970458984,
        35.79780197143555,
        35.82868957519531,
        35.938926696777344,
        35.686866760253906,
        35.06597900390625,
        34.307945251464844,
        34.272926330566406
    ],