{
    "scene": "ship",
    "checkpoint": "/tmp/pycharm_project_86/nerf-synthetic-checkpoints/results/ship/nerf_50000.pt",
    "num_downscales": 1,
    "use_fp16": false,
    "render_time": 354.26912802562583,
    "psnr_avg": 29.849499406814576,
    "power_draw_avg": 336.88,
    "energy": 119346.18384927283,
    "lpips_avg": 0.15066161908209325,
    "psnrs": [
        29.523639678955078,
        29.3554630279541,
        29.147598266601562,
        29.026140213012695,
        28.81943702697754,
        28.764225006103516,
        28.666383743286133,
        28.786212921142578,
        28.794757843017578,
        28.775110244750977,
        28.845571517944336,
        28.93820571899414,
        29.09299659729004,
        29.27033805847168,
        29.30687713623047,
        29.44878387451172,
        29.448392868041992,
        29.346830368041992,
        29.144176483154297,
        28.94005012512207,
        28.76120948791504,
        28.611665725708008,
        28.686559677124023,
        28.63964080810547,
        28.707767486572266,
        28.831695556640625,
        28.907480239868164,
        29.06981086730957,
        29.254314422607422,
        29.488176345825195,
        29.724538803100586,
        29.86429786682129,
        30.079370498657227,
        30.292274475097656,
        30.478595733642578,
        30.718320846557617,
        30.90636444091797,
        31.021053314208984,
        30.986713409423828,
        30.84095001220703,
        30.703371047973633,
        30.494443893432617,
        30.395626068115234,
        30.160585403442383,
        30.129417419433594,
        30.070770263671875,
        29.975271224975586,
        29.91130256652832,
        29.842811584472656,
        29.898231506347656,
        29.874298095703125,
        29.949880599975586,
        30.009071350097656,
        29.929094314575195,
        29.952312469482422,
        30.04569435119629,
        30.064950942993164,
        30.141019821166992,
        30.078615188598633,
        30.040742874145508,
        30.105636596679688,
        30.139429092407227,
        30.176454544067383,
        30.198896408081055,
        30.355632781982422,
        30.449256896972656,
        30.44869613647461,
        30.424739837646484,
        30.42935562133789,
        30.416189193725586,
        30.589237213134766,
        30.641437530517578,
        30.643648147583008,
        30.77594757080078,
        30.781906127929688,
        31.109819412231445,
        31.245033264160156,
        31.036828994750977,
        30.913740158081055,
        30.764184951782227,
        31.01640510559082,
        31.170133590698242,
        31.317995071411133,
        31.11346435546875,
        30.6856746673584,
        30.185277938842773,
        29.76592254638672,
        29.35820198059082,
        29.00128936767578,
        28.63744354248047,
        28.405376434326172,
        28.19677734375,
        28.06827735900879,
        27.86576271057129,
        27.752458572387695,
        27.628915786743164,
        27.489259719848633,
        27.429168701171875,
        27.49749183654785,
        27.425085067749023,
        27.495025634765625,
        27.662904739379883,
        27.78765296936035,
        27.871173858642578,
        27.974376678466797,
        28.065650939941406,
        28.162338256835938,
        28.21177864074707,
        28.14751434326172,
        28.170387268066406,
        28.172719955444336,
        28.1943359375,
        28.702068328857422,
        29.313547134399414,
        29.88658332824707,
        29.98514747619629,
        30.240339279174805,
        30.53394317626953,
        30.213634490966797,
        29.743379592895508,
        29.98470687866211,
        30.32189178466797,
        30.701400756835938,
        30.72277069091797,
        30.64019203186035,
        30.315826416015625,
        30.200820922851562,
        30.390748977661133,
        30.505990982055664,
        30.758880615234375,
        30.848234176635742,
        30.675310134887695,
        30.493934631347656,
        30.421588897705078,
        30.261211395263672,
        30.14604949951172,
        30.012781143188477,
        29.94134521484375,
        29.930824279785156,
        29.785306930541992,
        29.698118209838867,
        29.619510650634766,
        29.42831039428711,
        29.33601188659668,
        29.396289825439453,
        29.359636306762695,
        29.39446449279785,
        29.46237564086914,
        29.506317138671875,
        29.727375030517578,
        29.827518463134766,
        29.95248031616211,
        30.011688232421875,
        30.070053100585938,
        30.12258529663086,
        30.150562286376953,
        30.149463653564453,
        30.21551513671875,
        30.272817611694336,
        30.427125930786133,
        30.39222526550293,
        30.404518127441406,
        30.274700164794922,
        30.276147842407227,
        30.278715133666992,
        30.267284393310547,
        30.234315872192383,
        30.245830535888672,
        30.341167449951172,
        30.448205947875977,
        30.516237258911133,
        30.542081832885742,
        30.559059143066406,
        30.62297821044922,
        30.73242950439453,
        30.92962646484375,
        30.995092391967773,
        31.06327247619629,
        31.005096435546875,
        31.100032806396484,
        31.09782600402832,
        31.126466751098633,
        31.13341522216797,
        31.210521697998047,
        31.115055084228516,
        30.97319793701172,
        30.935157775878906,
        30.85254669189453,
        30.738910675048828,
        30.65151596069336,
        30.673603057861328,
        30.58811378479004,
        30.459842681884766,
        30.456327438354492,
        30.361583709716797,
        30.14285659790039,
        30.122697830200195,
        30.001741409301758,
        29.892210006713867,
        29.77878189086914
    ],