{
    "scene": "lego",
    "checkpoint": "/tmp/pycharm_project_86/nerf-synthetic-checkpoints/results/lego/nerf_50000.pt",
    "num_downscales": 1,
    "use_fp16": true,
    "render_time": 54.09284305036999,
    "psnr_avg": 32.742109375,
    "power_draw_avg": 293.78,
    "energy": 15891.395431337694,
    "lpips_avg": 0.03358804987743497,
    "psnrs": [
        33.09375,
        31.921875,
        30.671875,
        29.640625,
        29.28125,
        28.859375,
        28.71875,
        28.3125,
        29.171875,
        29.5625,
        30.265625,
        30.40625,
        30.78125,
        31.546875,
        32.25,
        32.75,
        32.78125,
        33.15625,
        33.0,
        32.6875,
        32.1875,
        32.28125,
        32.71875,
        32.84375,
        32.53125,
        33.21875,
        32.8125,
        32.9375,
        32.75,
        31.734375,
        32.1875,
        31.921875,
        30.625,
        31.859375,
        31.65625,
        32.40625,
        31.921875,
        32.9375,
        33.21875,
        32.53125,
        33.59375,
        33.65625,
        33.09375,
        32.75,
        30.640625,
        29.828125,
        30.453125,
        31.5625,
        32.90625,
        34.625,
        34.6875,
        34.59375,
        34.6875,
        35.0625,
        34.625,
        34.75,
        34.625,
        34.625,
        34.40625,
        34.125,
        33.8125,
        33.875,
        33.90625,
        33.15625,
        33.125,
        33.28125,
        33.3125,
        33.4375,
        34.09375,
        33.4375,
        33.4375,
        32.96875,
        32.03125,
        31.625,
        31.453125,
        31.375,
        31.234375,
        31.1875,
        31.328125,
        31.375,
        31.515625,
        31.703125,
        31.734375,
        31.734375,
        31.03125,
        31.734375,
        31.921875,
        31.671875,
        31.78125,
        31.921875,
        32.03125,
        32.09375,
        32.09375,
        32.625,
        33.03125,
        33.34375,
        33.4375,
        33.96875,
        34.0,
        33.625,
        33.5625,
        33.5625,
        34.40625,
        34.25,
        33.40625,
        33.34375,
        33.1875,
        33.375,
        33.21875,
        33.5625,
        33.1875,
        33.28125,
        33.5,
        33.5625,
        33.0625,
        33.3125,
        32.5625,
        32.90625,
        32.59375,
        32.75,
        33.0,
        32.96875,
        32.9375,
        33.0,
        32.96875,
        33.1875,
        32.9375,
        32.625,
        32.78125,
        33.28125,
        33.40625,
        33.4375,
        33.5625,
        33.34375,
        33.34375,
        32.9375,
        32.8125,
        32.40625,
        32.59375,
        32.875,
        33.09375,
        32.6875,
        32.75,
        33.1875,
        33.0625,
        32.6875,
        33.0,
        33.46875,
        34.09375,
        35.03125,
        34.59375,
        34.59375,
        34.6875,
        34.78125,
        35.0,
        34.46875,
        34.4375,
        34.1875,
        33.9375,
        33.78125,
        34.03125,
        33.125,
        33.3125,
        33.59375,
        33.4375,
        33.75,
        32.9375,
        32.96875,
        33.15625,
        33.15625,
        33.125,
        32.75,
        33.03125,
        31.703125,
        32.8125,
        32.53125,
        32.375,
        32.53125,
        32.15625,
        32.4375,
        32.5,
        32.65625,
        32.53125,
        32.6875,
        32.65625,
        32.0,
        31.03125,
        30.5625,
        30.484375,
        31.03125,
        32.3125,
        32.75,
        31.8125,
        33.21875,
        33.6875,
        33.40625,
        33.71875,
        33.5,
        33.4375,
        33.09375
    ],
    "lpips": [
        0.03407663479447365,
        0.0384514294564724,
        0.037224214524030685,
        0.039284974336624146,
        0.04239824414253235,
        0.0446191132068634,
        0.04403753578662872,
        0.04544881731271744,
        0.04311010241508484,
        0.0395769365131855,
        0.03647378832101822,
        0.034784041345119476,
        0.033693812787532806,
        0.032308537513017654,
        0.031066592782735825,
        0.030918706208467484,
        0.031607408076524734,
        0.030643269419670105,
        0.032960910350084305,
        0.035037338733673096,
        0.03647134080529213,
        0.03567422553896904,
        0.03590648993849754,
        0.0366879440844059,
        0.04132303595542908,
        0.03518512845039368,
        0.036937084048986435,
        0.03789873048663139,
        0.03908001258969307,
        0.03953656926751137,
        0.040701866149902344,
        0.03979840874671936,
        0.040659621357917786,
        0.03943796083331108,
        0.03791806474328041,
        0.03649405762553215,
        0.03729794919490814,
        0.0320853590965271,
        0.03133596479892731,
        0.03177130967378616,
        0.028170790523290634,
        0.028764914721250534,
        0.027811070904135704,
        0.02782515436410904,
        0.029264133423566818,
        0.030146513134241104,
        0.03199160099029541,
        0.03284496068954468,
        0.032961972057819366,
        0.028286732733249664,
        0.029284801334142685,
        0.03212423250079155,
        0.03277966007590294,
        0.03060905635356903,
        0.030749008059501648,
        0.03204459697008133,
        0.032125335186719894,
        0.030764099210500717,
        0.030904605984687805,
        0.02927275374531746,
        0.029773902148008347,
        0.02951047196984291,
        0.02732459083199501,
        0.02906911075115204,
        0.029295144602656364,
        0.028712879866361618,
        0.028693586587905884,
        0.027102302759885788,
        0.028329074382781982,
        0.029910771176218987,
        0.029021769762039185,
        0.02954975888133049,
        0.03136603161692619,
        0.03268430754542351,
        0.03319393843412399,
        0.03763873875141144,
        0.03615433722734451,
        0.03643415868282318,
        0.036981597542762756,
        0.036030396819114685,
        0.03392266482114792,
        0.03422035276889801,
        0.03560693562030792,
        0.035340845584869385,
        0.035138268023729324,
        0.0374101847410202,
        0.03710179403424263,
        0.038057081401348114,
        0.03742728754878044,
        0.03780690208077431,
        0.03372630476951599,
        0.0365561842918396,
        0.03724038600921631,
        0.034957289695739746,
        0.033497605472803116,
        0.031165912747383118,
        0.032695136964321136,
        0.031361013650894165,
        0.03153209388256073,
        0.029610075056552887,
        0.02974865585565567,
        0.031079141423106194,
        0.02929975837469101,
        0.03130201995372772,
        0.03219826519489288,
        0.03189115598797798,
        0.0305938720703125,
        0.03163185715675354,
        0.036209285259246826,
        0.033690761774778366,
        0.03527550399303436,
        0.035055216401815414,
        0.03361586853861809,
        0.032738249748945236,
        0.03461739420890808,
        0.03370238095521927,
        0.03479583561420441,
        0.035405971109867096,
        0.03458423912525177,
        0.03653709217905998,
        0.03527160733938217,
        0.03557411953806877,
        0.03463702276349068,
        0.03360328823328018,
        0.03123783878982067,
        0.03391202911734581,
        0.029041461646556854,
        0.030348805710673332,
        0.02989705465734005,
        0.029173485934734344,
        0.0291035957634449,
        0.030607927590608597,
        0.03220474720001221,
        0.033971816301345825,
        0.034608565270900726,
        0.034530576318502426,
        0.03580956161022186,
        0.03545786440372467,
        0.03432954102754593,
        0.035140424966812134,
        0.03091142326593399,
