{
    "scene": "materials",
    "checkpoint": "/tmp/pycharm_project_86/nerf-synthetic-checkpoints/results/materials/nerf_50000.pt",
    "num_downscales": 1,
    "use_fp16": true,
    "render_time": 51.4473067187937,
    "psnr_avg": 29.861328125,
    "power_draw_avg": 285.45,
    "energy": 14685.63370287966,
    "lpips_avg": 0.052197327837347984,
    "psnrs": [
        27.875,
        27.5,
        27.4375,
        27.109375,
        27.125,
        26.953125,
        27.0,
        26.546875,
        26.890625,
        26.859375,
        27.140625,
        27.171875,
        27.359375,
        27.515625,
        27.53125,
        27.671875,
        27.625,
        28.0625,
        28.359375,
        28.875,
        29.34375,
        29.71875,
        29.96875,
        29.6875,
        29.203125,
        29.078125,
        28.828125,
        28.796875,
        28.828125,
        28.828125,
        29.34375,
        29.453125,
        28.9375,
        29.34375,
        28.75,
        28.609375,
        27.9375,
        28.65625,
        28.90625,
        28.578125,
        29.046875,
        29.390625,
        29.453125,
        29.90625,
        30.15625,
        30.453125,
        30.96875,
        31.15625,
        31.15625,
        31.265625,
        31.328125,
        31.0,
        30.640625,
        30.234375,
        29.484375,
        29.421875,
        29.078125,
        28.796875,
        28.640625,
        28.421875,
        28.390625,
        28.5625,
        28.828125,
        28.96875,
        29.34375,
        29.5625,
        30.109375,
        30.125,
        30.453125,
        30.15625,
        30.125,
        30.375,
        30.890625,
        31.546875,
        32.125,
        32.84375,
        33.15625,
        33.0,
        32.53125,
        32.3125,
        31.84375,
        31.8125,
        31.859375,
        31.859375,
        31.265625,
        31.65625,
        31.515625,
        31.4375,
        31.546875,
        31.375,
        31.109375,
        30.71875,
        30.375,
        30.15625,
        29.796875,
        29.71875,
        29.796875,
        30.34375,
        30.625,
        30.71875,
        30.40625,
        30.203125,
        30.1875,
        30.625,
        30.921875,
        30.828125,
        30.859375,
        30.625,
        30.375,
        30.40625,
        30.703125,
        31.109375,
        30.890625,
        30.40625,
        29.859375,
        29.828125,
        29.671875,
        29.796875,
        29.6875,
        29.28125,
        28.875,
        29.015625,
        29.203125,
        29.390625,
        30.0,
        30.34375,
        30.40625,
        30.5625,
        30.59375,
        30.703125,
        31.0,
        31.34375,
        31.328125,
        30.703125,
        29.96875,
        29.28125,
        28.984375,
        28.578125,
        28.390625,
        28.71875,
        28.90625,
        28.90625,
        28.984375,
        29.453125,
        29.890625,
        30.234375,
        30.921875,
        31.0,
        31.109375,
        31.328125,
        31.296875,
        31.0,
        30.5625,
        30.296875,
        29.90625,
        29.671875,
        29.390625,
        29.09375,
        28.875,
        28.828125,
        28.9375,
        28.75,
        28.984375,
        29.34375,
        29.484375,
        30.234375,
        30.078125,
        29.890625,
        30.484375,
        30.78125,
        31.0,
        31.109375,
        31.453125,
        30.71875,
        31.703125,
        31.65625,
        31.59375,
        31.328125,
        30.859375,
        30.828125,
        30.640625,
        30.53125,
        30.234375,
        30.453125,
        30.625,
        30.5625,
        30.515625,
        30.71875,
        30.53125,
        30.34375,
        30.71875,
        30.421875,
        29.046875,
        29.828125,
        29.5,
        28.828125,
        28.859375,
        28.34375,
        28.34375,
        27.9375
    ],
    "lpips": [
        0.06230560690164566,
        0.06409189105033875,
        0.06418447196483612,
        0.06597688794136047,
        0.06626416742801666,
        0.06637712568044662,
        0.06551983207464218,
        0.06500150263309479,
        0.065281942486763,
        0.0659249871969223,
        0.06593585759401321,
        0.06562907248735428,
        0.06378193199634552,
        0.06520354747772217,
        0.06228289008140564,
        0.0645100548863411,
        0.0650525763630867,
        0.06255484372377396,
        0.06255437433719635,
        0.062778040766716,
        0.059883780777454376,
        0.0619792565703392,
        0.0610840804874897,
        0.06137844920158386,
        0.05814380571246147,
        0.060711368918418884,
        0.05991709977388382,
        0.058394577354192734,
        0.05599258467555046,
        0.05808749794960022,
        0.0546189621090889,
        0.055114567279815674,
        0.05710484832525253,
        0.05591924488544464,
        0.05683116987347603,
        0.05632214993238449,
        0.05806468427181244,
        0.06018616631627083,
        0.057809535413980484,
        0.060358528047800064,
        0.058547914028167725,
        0.05701017379760742,
        0.059072159230709076,
        0.05605615675449371,
        0.05404536798596382,
        0.051901549100875854,
        0.05216220021247864,
        0.05048708990216255,
        0.05040706694126129,
        0.0481300950050354,
        0.046963438391685486,
        0.04755400866270065,
        0.046414732933044434,
        0.04835546761751175,
        0.04922889918088913,
        0.050104133784770966,
        0.05155915021896362,
        0.053166285157203674,
        0.053605131804943085,
        0.05378076061606407,
        0.05494110286235809,
        0.05342162773013115,
        0.05280286818742752,
        0.05475335568189621,
        0.05363954231142998,
        0.054262924939394,
        0.053727976977825165,
        0.05173841118812561,
        0.05029112845659256,
        0.048345040529966354,
        0.049071621149778366,
        0.04717846214771271,
        0.043998219072818756,
        0.03990219533443451,
        0.03774775192141533,
        0.037088505923748016,
        0.03653022274374962,
        0.03776540979743004,
        0.0403345562517643,
        0.04005986079573631,
        0.04100446030497551,
        0.040193937718868256,
        0.042546190321445465,
        0.0432787723839283,
        0.04215900972485542,
        0.04384138435125351,
        0.04429200291633606,
        0.042812369763851166,
        0.04358845204114914,
        0.044110991060733795,
        0.04449053108692169,
        0.04586309939622879,
        0.04445895552635193,
        0.04764345660805702,
        0.04863067716360092,
        0.048790283501148224,
        0.047998927533626556,
        0.0449831485748291,
        0.04468981921672821,
        0.04337266832590103,
        0.04314880073070526,
        0.04370728135108948,
        0.04438085854053497,
        0.04398951306939125,
        0.04870903491973877,
        0.051478371024131775,
        0.04970382899045944,
        0.051711663603782654,
        0.05316561087965965,
        0.05294574052095413,
        0.0512537807226181,
        0.05370832979679108,
        0.05549206584692001,
        0.05507157742977142,
        0.05409606173634529,
        0.05442158505320549,
        0.054978903383016586,
        0.05821583792567253,
        0.05657019466161728,
        0.05637933313846588,
        0.05793428048491478,
        0.05373649299144745,
        0.049697816371917725,
        0.049888744950294495,
        0.046452395617961884,
        0.04529818892478943,
        0.04231894016265869,
        0.043755196034908295,
        0.04381350055336952,
        0.04452047124505043,
        0.04201821982860565,
        0.0425550639629364,
        0.04179851710796356,
        0.04542572796344757,
        0.04661884158849716,
        0.04797213524580002,
        0.050940386950969696,
